source,dataset,detector,stage,size_bucket,TP,FP,FN,n_gt,n_frames,precision,recall,f1,classifier
video_persize,video_drone_drone_and_bird_sky_and_trees_short,baseline_trained,S0_detector,small,10,24,39,49,114,0.2941,0.2041,0.241,
video_persize,video_drone_drone_and_bird_sky_and_trees_short,baseline_trained,S0_detector,medium,54,15,12,66,114,0.7826,0.8182,0.8,
video_persize,video_drone_drone_and_bird_sky_and_trees_short,baseline_trained,S0_detector,large,0,0,0,0,114,0.0,0.0,0.0,
video_persize,video_drone_drone_attacked_by_bird_mountain_side_view,baseline_trained,S0_detector,small,0,4,2,2,108,0.0,0.0,0.0,
video_persize,video_drone_drone_attacked_by_bird_mountain_side_view,baseline_trained,S0_detector,medium,39,41,26,65,108,0.4875,0.6,0.5379,
video_persize,video_drone_drone_attacked_by_bird_mountain_side_view,baseline_trained,S0_detector,large,20,5,1,21,108,0.8,0.9524,0.8696,
video_persize,video_drone_drone_over_mountain_attacked_by_birds,baseline_trained,S0_detector,small,0,0,0,0,68,0.0,0.0,0.0,
video_persize,video_drone_drone_over_mountain_attacked_by_birds,baseline_trained,S0_detector,medium,0,2,0,0,68,0.0,0.0,0.0,
video_persize,video_drone_drone_over_mountain_attacked_by_birds,baseline_trained,S0_detector,large,25,2,43,68,68,0.9259,0.3676,0.5263,
video_persize,video_drone_drone_seagull_attack,baseline_trained,S0_detector,small,0,9,0,0,235,0.0,0.0,0.0,
video_persize,video_drone_drone_seagull_attack,baseline_trained,S0_detector,medium,17,20,1,18,235,0.4595,0.9444,0.6182,
video_persize,video_drone_drone_seagull_attack,baseline_trained,S0_detector,large,126,1,50,176,235,0.9921,0.7159,0.8317,
video_persize,video_drone_drone_takeoff_from_ground_and_not_hand_short,baseline_trained,S0_detector,small,14,2,2,16,163,0.875,0.875,0.875,
video_persize,video_drone_drone_takeoff_from_ground_and_not_hand_short,baseline_trained,S0_detector,medium,44,0,0,44,163,1.0,1.0,1.0,
video_persize,video_drone_drone_takeoff_from_ground_and_not_hand_short,baseline_trained,S0_detector,large,88,5,6,94,163,0.9462,0.9362,0.9412,
video_persize,video_drone_drone_takeoff_short,baseline_trained,S0_detector,small,2,1,8,10,116,0.6667,0.2,0.3077,
video_persize,video_drone_drone_takeoff_short,baseline_trained,S0_detector,medium,47,0,3,50,116,1.0,0.94,0.9691,
video_persize,video_drone_drone_takeoff_short,baseline_trained,S0_detector,large,48,0,8,56,116,1.0,0.8571,0.9231,
video_persize,video_drone_drone_takeoff_short_trees_background_dji_air_3s_take_off_sho,baseline_trained,S0_detector,small,0,0,0,0,166,0.0,0.0,0.0,
video_persize,video_drone_drone_takeoff_short_trees_background_dji_air_3s_take_off_sho,baseline_trained,S0_detector,medium,5,0,9,14,166,1.0,0.3571,0.5263,
video_persize,video_drone_drone_takeoff_short_trees_background_dji_air_3s_take_off_sho,baseline_trained,S0_detector,large,128,5,20,148,166,0.9624,0.8649,0.911,
video_persize,video_drone_flock_of_seagulls_attack_drone_beach,baseline_trained,S0_detector,small,13,0,43,56,239,1.0,0.2321,0.3768,
video_persize,video_drone_flock_of_seagulls_attack_drone_beach,baseline_trained,S0_detector,medium,89,6,2,91,239,0.9368,0.978,0.957,
video_persize,video_drone_flock_of_seagulls_attack_drone_beach,baseline_trained,S0_detector,large,40,3,0,40,239,0.9302,1.0,0.9639,
video_persize,video_drone_two_birds_drone,baseline_trained,S0_detector,small,60,20,20,80,150,0.75,0.75,0.75,
video_persize,video_drone_two_birds_drone,baseline_trained,S0_detector,medium,55,109,15,70,150,0.3354,0.7857,0.4701,
video_persize,video_drone_two_birds_drone,baseline_trained,S0_detector,large,0,1,0,0,150,0.0,0.0,0.0,
video_persize,video_birds_birds_flying_overhead_various_sizes_short,baseline_trained,S0_detector,small,0,3,0,0,20,0.0,0.0,0.0,
video_persize,video_birds_birds_flying_overhead_various_sizes_short,baseline_trained,S0_detector,medium,0,29,0,0,20,0.0,0.0,0.0,
video_persize,video_birds_birds_flying_overhead_various_sizes_short,baseline_trained,S0_detector,large,0,7,0,0,20,0.0,0.0,0.0,
video_persize,video_birds_birds_in_slow_motion_flying_various_sizes_compilation,baseline_trained,S0_detector,small,0,30,0,0,271,0.0,0.0,0.0,
video_persize,video_birds_birds_in_slow_motion_flying_various_sizes_compilation,baseline_trained,S0_detector,medium,0,215,0,0,271,0.0,0.0,0.0,
video_persize,video_birds_birds_in_slow_motion_flying_various_sizes_compilation,baseline_trained,S0_detector,large,0,46,0,0,271,0.0,0.0,0.0,
video_persize,video_birds_distant_birds_flying_in_the_sky_short,baseline_trained,S0_detector,small,0,1,0,0,20,0.0,0.0,0.0,
video_persize,video_birds_distant_birds_flying_in_the_sky_short,baseline_trained,S0_detector,medium,0,1,0,0,20,0.0,0.0,0.0,
video_persize,video_birds_distant_birds_flying_in_the_sky_short,baseline_trained,S0_detector,large,0,0,0,0,20,0.0,0.0,0.0,
video_persize,video_birds_flock_of_birds_flying_short,baseline_trained,S0_detector,small,0,0,0,0,21,0.0,0.0,0.0,
video_persize,video_birds_flock_of_birds_flying_short,baseline_trained,S0_detector,medium,0,0,0,0,21,0.0,0.0,0.0,
video_persize,video_birds_flock_of_birds_flying_short,baseline_trained,S0_detector,large,0,0,0,0,21,0.0,0.0,0.0,
video_persize,video_birds_flock_of_birds_flying_sunset,baseline_trained,S0_detector,small,0,3,0,0,20,0.0,0.0,0.0,
video_persize,video_birds_flock_of_birds_flying_sunset,baseline_trained,S0_detector,medium,0,3,0,0,20,0.0,0.0,0.0,
video_persize,video_birds_flock_of_birds_flying_sunset,baseline_trained,S0_detector,large,0,0,0,0,20,0.0,0.0,0.0,
video_persize,video_airplanes_airplanes_compilation,baseline_trained,S0_detector,small,0,5,0,0,249,0.0,0.0,0.0,
video_persize,video_airplanes_airplanes_compilation,baseline_trained,S0_detector,medium,0,48,0,0,249,0.0,0.0,0.0,
video_persize,video_airplanes_airplanes_compilation,baseline_trained,S0_detector,large,0,51,0,0,249,0.0,0.0,0.0,
video_persize,video_airplanes_distant_airplane_over_head_flying_away,baseline_trained,S0_detector,small,0,20,0,0,55,0.0,0.0,0.0,
video_persize,video_airplanes_distant_airplane_over_head_flying_away,baseline_trained,S0_detector,medium,0,13,0,0,55,0.0,0.0,0.0,
video_persize,video_airplanes_distant_airplane_over_head_flying_away,baseline_trained,S0_detector,large,0,0,0,0,55,0.0,0.0,0.0,
video_persize,video_helicopters_helicopter_compilation,baseline_trained,S0_detector,small,0,0,0,0,554,0.0,0.0,0.0,
video_persize,video_helicopters_helicopter_compilation,baseline_trained,S0_detector,medium,0,82,0,0,554,0.0,0.0,0.0,
video_persize,video_helicopters_helicopter_compilation,baseline_trained,S0_detector,large,0,58,0,0,554,0.0,0.0,0.0,
video_persize,video_helicopters_helicopter_overhead_short,baseline_trained,S0_detector,small,0,0,0,0,20,0.0,0.0,0.0,
video_persize,video_helicopters_helicopter_overhead_short,baseline_trained,S0_detector,medium,0,6,0,0,20,0.0,0.0,0.0,
video_persize,video_helicopters_helicopter_overhead_short,baseline_trained,S0_detector,large,0,2,0,0,20,0.0,0.0,0.0,
video_persize,video_helicopters_helicopter_overhead_very_small_airplane_in_background,baseline_trained,S0_detector,small,0,0,0,0,20,0.0,0.0,0.0,
video_persize,video_helicopters_helicopter_overhead_very_small_airplane_in_background,baseline_trained,S0_detector,medium,0,13,0,0,20,0.0,0.0,0.0,
video_persize,video_helicopters_helicopter_overhead_very_small_airplane_in_background,baseline_trained,S0_detector,large,0,4,0,0,20,0.0,0.0,0.0,
video_persize,video_drone_drone_and_bird_sky_and_trees_short,retrained_v2,S0_detector,small,9,6,40,49,114,0.6,0.1837,0.2812,
video_persize,video_drone_drone_and_bird_sky_and_trees_short,retrained_v2,S0_detector,medium,18,1,48,66,114,0.9474,0.2727,0.4235,
video_persize,video_drone_drone_and_bird_sky_and_trees_short,retrained_v2,S0_detector,large,0,0,0,0,114,0.0,0.0,0.0,
video_persize,video_drone_drone_attacked_by_bird_mountain_side_view,retrained_v2,S0_detector,small,0,0,2,2,108,0.0,0.0,0.0,
video_persize,video_drone_drone_attacked_by_bird_mountain_side_view,retrained_v2,S0_detector,medium,4,2,61,65,108,0.6667,0.0615,0.1127,
video_persize,video_drone_drone_attacked_by_bird_mountain_side_view,retrained_v2,S0_detector,large,3,2,18,21,108,0.6,0.1429,0.2308,
video_persize,video_drone_drone_over_mountain_attacked_by_birds,retrained_v2,S0_detector,small,0,0,0,0,68,0.0,0.0,0.0,
video_persize,video_drone_drone_over_mountain_attacked_by_birds,retrained_v2,S0_detector,medium,0,0,0,0,68,0.0,0.0,0.0,
video_persize,video_drone_drone_over_mountain_attacked_by_birds,retrained_v2,S0_detector,large,23,1,45,68,68,0.9583,0.3382,0.5,
video_persize,video_drone_drone_seagull_attack,retrained_v2,S0_detector,small,0,5,0,0,235,0.0,0.0,0.0,
video_persize,video_drone_drone_seagull_attack,retrained_v2,S0_detector,medium,16,4,2,18,235,0.8,0.8889,0.8421,
video_persize,video_drone_drone_seagull_attack,retrained_v2,S0_detector,large,69,3,107,176,235,0.9583,0.392,0.5565,
video_persize,video_drone_drone_takeoff_from_ground_and_not_hand_short,retrained_v2,S0_detector,small,2,1,14,16,163,0.6667,0.125,0.2105,
video_persize,video_drone_drone_takeoff_from_ground_and_not_hand_short,retrained_v2,S0_detector,medium,31,2,13,44,163,0.9394,0.7045,0.8052,
video_persize,video_drone_drone_takeoff_from_ground_and_not_hand_short,retrained_v2,S0_detector,large,81,3,13,94,163,0.9643,0.8617,0.9101,
video_persize,video_drone_drone_takeoff_short,retrained_v2,S0_detector,small,0,0,10,10,116,0.0,0.0,0.0,
video_persize,video_drone_drone_takeoff_short,retrained_v2,S0_detector,medium,29,0,21,50,116,1.0,0.58,0.7342,
video_persize,video_drone_drone_takeoff_short,retrained_v2,S0_detector,large,47,0,9,56,116,1.0,0.8393,0.9126,
video_persize,video_drone_drone_takeoff_short_trees_background_dji_air_3s_take_off_sho,retrained_v2,S0_detector,small,0,0,0,0,166,0.0,0.0,0.0,
video_persize,video_drone_drone_takeoff_short_trees_background_dji_air_3s_take_off_sho,retrained_v2,S0_detector,medium,6,0,8,14,166,1.0,0.4286,0.6,
video_persize,video_drone_drone_takeoff_short_trees_background_dji_air_3s_take_off_sho,retrained_v2,S0_detector,large,127,6,21,148,166,0.9549,0.8581,0.9039,
video_persize,video_drone_flock_of_seagulls_attack_drone_beach,retrained_v2,S0_detector,small,0,0,56,56,239,0.0,0.0,0.0,
video_persize,video_drone_flock_of_seagulls_attack_drone_beach,retrained_v2,S0_detector,medium,43,0,48,91,239,1.0,0.4725,0.6418,
video_persize,video_drone_flock_of_seagulls_attack_drone_beach,retrained_v2,S0_detector,large,39,0,1,40,239,1.0,0.975,0.9873,
video_persize,video_drone_two_birds_drone,retrained_v2,S0_detector,small,4,2,76,80,150,0.6667,0.05,0.093,
video_persize,video_drone_two_birds_drone,retrained_v2,S0_detector,medium,8,16,62,70,150,0.3333,0.1143,0.1702,
video_persize,video_drone_two_birds_drone,retrained_v2,S0_detector,large,0,2,0,0,150,0.0,0.0,0.0,
video_persize,video_birds_birds_flying_overhead_various_sizes_short,retrained_v2,S0_detector,small,0,0,0,0,20,0.0,0.0,0.0,
video_persize,video_birds_birds_flying_overhead_various_sizes_short,retrained_v2,S0_detector,medium,0,0,0,0,20,0.0,0.0,0.0,
video_persize,video_birds_birds_flying_overhead_various_sizes_short,retrained_v2,S0_detector,large,0,0,0,0,20,0.0,0.0,0.0,
video_persize,video_birds_birds_in_slow_motion_flying_various_sizes_compilation,retrained_v2,S0_detector,small,0,5,0,0,271,0.0,0.0,0.0,
video_persize,video_birds_birds_in_slow_motion_flying_various_sizes_compilation,retrained_v2,S0_detector,medium,0,38,0,0,271,0.0,0.0,0.0,
video_persize,video_birds_birds_in_slow_motion_flying_various_sizes_compilation,retrained_v2,S0_detector,large,0,4,0,0,271,0.0,0.0,0.0,
video_persize,video_birds_distant_birds_flying_in_the_sky_short,retrained_v2,S0_detector,small,0,0,0,0,20,0.0,0.0,0.0,
video_persize,video_birds_distant_birds_flying_in_the_sky_short,retrained_v2,S0_detector,medium,0,1,0,0,20,0.0,0.0,0.0,
video_persize,video_birds_distant_birds_flying_in_the_sky_short,retrained_v2,S0_detector,large,0,0,0,0,20,0.0,0.0,0.0,
video_persize,video_birds_flock_of_birds_flying_short,retrained_v2,S0_detector,small,0,0,0,0,21,0.0,0.0,0.0,
video_persize,video_birds_flock_of_birds_flying_short,retrained_v2,S0_detector,medium,0,0,0,0,21,0.0,0.0,0.0,
video_persize,video_birds_flock_of_birds_flying_short,retrained_v2,S0_detector,large,0,0,0,0,21,0.0,0.0,0.0,
video_persize,video_birds_flock_of_birds_flying_sunset,retrained_v2,S0_detector,small,0,0,0,0,20,0.0,0.0,0.0,
video_persize,video_birds_flock_of_birds_flying_sunset,retrained_v2,S0_detector,medium,0,1,0,0,20,0.0,0.0,0.0,
video_persize,video_birds_flock_of_birds_flying_sunset,retrained_v2,S0_detector,large,0,0,0,0,20,0.0,0.0,0.0,
video_persize,video_airplanes_airplanes_compilation,retrained_v2,S0_detector,small,0,3,0,0,249,0.0,0.0,0.0,
video_persize,video_airplanes_airplanes_compilation,retrained_v2,S0_detector,medium,0,57,0,0,249,0.0,0.0,0.0,
video_persize,video_airplanes_airplanes_compilation,retrained_v2,S0_detector,large,0,39,0,0,249,0.0,0.0,0.0,
video_persize,video_airplanes_distant_airplane_over_head_flying_away,retrained_v2,S0_detector,small,0,7,0,0,55,0.0,0.0,0.0,
video_persize,video_airplanes_distant_airplane_over_head_flying_away,retrained_v2,S0_detector,medium,0,10,0,0,55,0.0,0.0,0.0,
video_persize,video_airplanes_distant_airplane_over_head_flying_away,retrained_v2,S0_detector,large,0,1,0,0,55,0.0,0.0,0.0,
video_persize,video_helicopters_helicopter_compilation,retrained_v2,S0_detector,small,0,1,0,0,554,0.0,0.0,0.0,
video_persize,video_helicopters_helicopter_compilation,retrained_v2,S0_detector,medium,0,32,0,0,554,0.0,0.0,0.0,
video_persize,video_helicopters_helicopter_compilation,retrained_v2,S0_detector,large,0,30,0,0,554,0.0,0.0,0.0,
video_persize,video_helicopters_helicopter_overhead_short,retrained_v2,S0_detector,small,0,1,0,0,20,0.0,0.0,0.0,
video_persize,video_helicopters_helicopter_overhead_short,retrained_v2,S0_detector,medium,0,0,0,0,20,0.0,0.0,0.0,
video_persize,video_helicopters_helicopter_overhead_short,retrained_v2,S0_detector,large,0,0,0,0,20,0.0,0.0,0.0,
video_persize,video_helicopters_helicopter_overhead_very_small_airplane_in_background,retrained_v2,S0_detector,small,0,0,0,0,20,0.0,0.0,0.0,
video_persize,video_helicopters_helicopter_overhead_very_small_airplane_in_background,retrained_v2,S0_detector,medium,0,13,0,0,20,0.0,0.0,0.0,
video_persize,video_helicopters_helicopter_overhead_very_small_airplane_in_background,retrained_v2,S0_detector,large,0,2,0,0,20,0.0,0.0,0.0,
video_persize,video_drone_drone_and_bird_sky_and_trees_short,selcom_1280,S0_detector,small,12,45,37,49,114,0.2105,0.2449,0.2264,
video_persize,video_drone_drone_and_bird_sky_and_trees_short,selcom_1280,S0_detector,medium,61,19,5,66,114,0.7625,0.9242,0.8356,
video_persize,video_drone_drone_and_bird_sky_and_trees_short,selcom_1280,S0_detector,large,0,2,0,0,114,0.0,0.0,0.0,
video_persize,video_drone_drone_attacked_by_bird_mountain_side_view,selcom_1280,S0_detector,small,0,5,2,2,108,0.0,0.0,0.0,
video_persize,video_drone_drone_attacked_by_bird_mountain_side_view,selcom_1280,S0_detector,medium,50,18,15,65,108,0.7353,0.7692,0.7519,
video_persize,video_drone_drone_attacked_by_bird_mountain_side_view,selcom_1280,S0_detector,large,21,3,0,21,108,0.875,1.0,0.9333,
video_persize,video_drone_drone_over_mountain_attacked_by_birds,selcom_1280,S0_detector,small,0,0,0,0,68,0.0,0.0,0.0,
video_persize,video_drone_drone_over_mountain_attacked_by_birds,selcom_1280,S0_detector,medium,0,0,0,0,68,0.0,0.0,0.0,
video_persize,video_drone_drone_over_mountain_attacked_by_birds,selcom_1280,S0_detector,large,13,2,55,68,68,0.8667,0.1912,0.3133,
video_persize,video_drone_drone_seagull_attack,selcom_1280,S0_detector,small,0,15,0,0,235,0.0,0.0,0.0,
video_persize,video_drone_drone_seagull_attack,selcom_1280,S0_detector,medium,17,37,1,18,235,0.3148,0.9444,0.4722,
video_persize,video_drone_drone_seagull_attack,selcom_1280,S0_detector,large,165,15,11,176,235,0.9167,0.9375,0.927,
video_persize,video_drone_drone_takeoff_from_ground_and_not_hand_short,selcom_1280,S0_detector,small,14,4,2,16,163,0.7778,0.875,0.8235,
video_persize,video_drone_drone_takeoff_from_ground_and_not_hand_short,selcom_1280,S0_detector,medium,44,2,0,44,163,0.9565,1.0,0.9778,
video_persize,video_drone_drone_takeoff_from_ground_and_not_hand_short,selcom_1280,S0_detector,large,79,13,15,94,163,0.8587,0.8404,0.8495,
video_persize,video_drone_drone_takeoff_short,selcom_1280,S0_detector,small,10,0,0,10,116,1.0,1.0,1.0,
video_persize,video_drone_drone_takeoff_short,selcom_1280,S0_detector,medium,49,0,1,50,116,1.0,0.98,0.9899,
video_persize,video_drone_drone_takeoff_short,selcom_1280,S0_detector,large,42,4,14,56,116,0.913,0.75,0.8235,
video_persize,video_drone_drone_takeoff_short_trees_background_dji_air_3s_take_off_sho,selcom_1280,S0_detector,small,0,1,0,0,166,0.0,0.0,0.0,
video_persize,video_drone_drone_takeoff_short_trees_background_dji_air_3s_take_off_sho,selcom_1280,S0_detector,medium,6,0,8,14,166,1.0,0.4286,0.6,
video_persize,video_drone_drone_takeoff_short_trees_background_dji_air_3s_take_off_sho,selcom_1280,S0_detector,large,121,24,27,148,166,0.8345,0.8176,0.8259,
video_persize,video_drone_flock_of_seagulls_attack_drone_beach,selcom_1280,S0_detector,small,34,50,22,56,239,0.4048,0.6071,0.4857,
video_persize,video_drone_flock_of_seagulls_attack_drone_beach,selcom_1280,S0_detector,medium,90,11,1,91,239,0.8911,0.989,0.9375,
video_persize,video_drone_flock_of_seagulls_attack_drone_beach,selcom_1280,S0_detector,large,40,59,0,40,239,0.404,1.0,0.5755,
video_persize,video_drone_two_birds_drone,selcom_1280,S0_detector,small,68,45,12,80,150,0.6018,0.85,0.7047,
video_persize,video_drone_two_birds_drone,selcom_1280,S0_detector,medium,66,167,4,70,150,0.2833,0.9429,0.4356,
video_persize,video_drone_two_birds_drone,selcom_1280,S0_detector,large,0,1,0,0,150,0.0,0.0,0.0,
video_persize,video_birds_birds_flying_overhead_various_sizes_short,selcom_1280,S0_detector,small,0,16,0,0,20,0.0,0.0,0.0,
video_persize,video_birds_birds_flying_overhead_various_sizes_short,selcom_1280,S0_detector,medium,0,42,0,0,20,0.0,0.0,0.0,
video_persize,video_birds_birds_flying_overhead_various_sizes_short,selcom_1280,S0_detector,large,0,3,0,0,20,0.0,0.0,0.0,
video_persize,video_birds_birds_in_slow_motion_flying_various_sizes_compilation,selcom_1280,S0_detector,small,0,91,0,0,271,0.0,0.0,0.0,
video_persize,video_birds_birds_in_slow_motion_flying_various_sizes_compilation,selcom_1280,S0_detector,medium,0,252,0,0,271,0.0,0.0,0.0,
video_persize,video_birds_birds_in_slow_motion_flying_various_sizes_compilation,selcom_1280,S0_detector,large,0,98,0,0,271,0.0,0.0,0.0,
video_persize,video_birds_distant_birds_flying_in_the_sky_short,selcom_1280,S0_detector,small,0,19,0,0,20,0.0,0.0,0.0,
video_persize,video_birds_distant_birds_flying_in_the_sky_short,selcom_1280,S0_detector,medium,0,8,0,0,20,0.0,0.0,0.0,
video_persize,video_birds_distant_birds_flying_in_the_sky_short,selcom_1280,S0_detector,large,0,0,0,0,20,0.0,0.0,0.0,
video_persize,video_birds_flock_of_birds_flying_short,selcom_1280,S0_detector,small,0,1,0,0,21,0.0,0.0,0.0,
video_persize,video_birds_flock_of_birds_flying_short,selcom_1280,S0_detector,medium,0,4,0,0,21,0.0,0.0,0.0,
video_persize,video_birds_flock_of_birds_flying_short,selcom_1280,S0_detector,large,0,1,0,0,21,0.0,0.0,0.0,
video_persize,video_birds_flock_of_birds_flying_sunset,selcom_1280,S0_detector,small,0,2,0,0,20,0.0,0.0,0.0,
video_persize,video_birds_flock_of_birds_flying_sunset,selcom_1280,S0_detector,medium,0,1,0,0,20,0.0,0.0,0.0,
video_persize,video_birds_flock_of_birds_flying_sunset,selcom_1280,S0_detector,large,0,0,0,0,20,0.0,0.0,0.0,
video_persize,video_airplanes_airplanes_compilation,selcom_1280,S0_detector,small,0,10,0,0,249,0.0,0.0,0.0,
video_persize,video_airplanes_airplanes_compilation,selcom_1280,S0_detector,medium,0,60,0,0,249,0.0,0.0,0.0,
video_persize,video_airplanes_airplanes_compilation,selcom_1280,S0_detector,large,0,59,0,0,249,0.0,0.0,0.0,
video_persize,video_airplanes_distant_airplane_over_head_flying_away,selcom_1280,S0_detector,small,0,11,0,0,55,0.0,0.0,0.0,
video_persize,video_airplanes_distant_airplane_over_head_flying_away,selcom_1280,S0_detector,medium,0,10,0,0,55,0.0,0.0,0.0,
video_persize,video_airplanes_distant_airplane_over_head_flying_away,selcom_1280,S0_detector,large,0,0,0,0,55,0.0,0.0,0.0,
video_persize,video_helicopters_helicopter_compilation,selcom_1280,S0_detector,small,0,13,0,0,554,0.0,0.0,0.0,
video_persize,video_helicopters_helicopter_compilation,selcom_1280,S0_detector,medium,0,96,0,0,554,0.0,0.0,0.0,
video_persize,video_helicopters_helicopter_compilation,selcom_1280,S0_detector,large,0,57,0,0,554,0.0,0.0,0.0,
video_persize,video_helicopters_helicopter_overhead_short,selcom_1280,S0_detector,small,0,3,0,0,20,0.0,0.0,0.0,
video_persize,video_helicopters_helicopter_overhead_short,selcom_1280,S0_detector,medium,0,7,0,0,20,0.0,0.0,0.0,
video_persize,video_helicopters_helicopter_overhead_short,selcom_1280,S0_detector,large,0,2,0,0,20,0.0,0.0,0.0,
video_persize,video_helicopters_helicopter_overhead_very_small_airplane_in_background,selcom_1280,S0_detector,small,0,6,0,0,20,0.0,0.0,0.0,
video_persize,video_helicopters_helicopter_overhead_very_small_airplane_in_background,selcom_1280,S0_detector,medium,0,9,0,0,20,0.0,0.0,0.0,
video_persize,video_helicopters_helicopter_overhead_very_small_airplane_in_background,selcom_1280,S0_detector,large,0,5,0,0,20,0.0,0.0,0.0,
video_persize,video_drone_drone_and_bird_sky_and_trees_short,selcom_960,S0_detector,small,11,29,38,49,114,0.275,0.2245,0.2472,
video_persize,video_drone_drone_and_bird_sky_and_trees_short,selcom_960,S0_detector,medium,60,14,6,66,114,0.8108,0.9091,0.8571,
video_persize,video_drone_drone_and_bird_sky_and_trees_short,selcom_960,S0_detector,large,0,0,0,0,114,0.0,0.0,0.0,
video_persize,video_drone_drone_attacked_by_bird_mountain_side_view,selcom_960,S0_detector,small,0,4,2,2,108,0.0,0.0,0.0,
video_persize,video_drone_drone_attacked_by_bird_mountain_side_view,selcom_960,S0_detector,medium,41,11,24,65,108,0.7885,0.6308,0.7009,
video_persize,video_drone_drone_attacked_by_bird_mountain_side_view,selcom_960,S0_detector,large,20,2,1,21,108,0.9091,0.9524,0.9302,
video_persize,video_drone_drone_over_mountain_attacked_by_birds,selcom_960,S0_detector,small,0,0,0,0,68,0.0,0.0,0.0,
video_persize,video_drone_drone_over_mountain_attacked_by_birds,selcom_960,S0_detector,medium,0,0,0,0,68,0.0,0.0,0.0,
video_persize,video_drone_drone_over_mountain_attacked_by_birds,selcom_960,S0_detector,large,11,4,57,68,68,0.7333,0.1618,0.2651,
video_persize,video_drone_drone_seagull_attack,selcom_960,S0_detector,small,0,8,0,0,235,0.0,0.0,0.0,
video_persize,video_drone_drone_seagull_attack,selcom_960,S0_detector,medium,17,39,1,18,235,0.3036,0.9444,0.4595,
video_persize,video_drone_drone_seagull_attack,selcom_960,S0_detector,large,157,21,19,176,235,0.882,0.892,0.887,
video_persize,video_drone_drone_takeoff_from_ground_and_not_hand_short,selcom_960,S0_detector,small,16,4,0,16,163,0.8,1.0,0.8889,
video_persize,video_drone_drone_takeoff_from_ground_and_not_hand_short,selcom_960,S0_detector,medium,44,0,0,44,163,1.0,1.0,1.0,
video_persize,video_drone_drone_takeoff_from_ground_and_not_hand_short,selcom_960,S0_detector,large,80,6,14,94,163,0.9302,0.8511,0.8889,
video_persize,video_drone_drone_takeoff_short,selcom_960,S0_detector,small,10,1,0,10,116,0.9091,1.0,0.9524,
video_persize,video_drone_drone_takeoff_short,selcom_960,S0_detector,medium,50,0,0,50,116,1.0,1.0,1.0,
video_persize,video_drone_drone_takeoff_short,selcom_960,S0_detector,large,36,7,20,56,116,0.8372,0.6429,0.7273,
video_persize,video_drone_drone_takeoff_short_trees_background_dji_air_3s_take_off_sho,selcom_960,S0_detector,small,0,0,0,0,166,0.0,0.0,0.0,
video_persize,video_drone_drone_takeoff_short_trees_background_dji_air_3s_take_off_sho,selcom_960,S0_detector,medium,5,0,9,14,166,1.0,0.3571,0.5263,
video_persize,video_drone_drone_takeoff_short_trees_background_dji_air_3s_take_off_sho,selcom_960,S0_detector,large,135,8,13,148,166,0.9441,0.9122,0.9278,
video_persize,video_drone_flock_of_seagulls_attack_drone_beach,selcom_960,S0_detector,small,26,10,30,56,239,0.7222,0.4643,0.5652,
video_persize,video_drone_flock_of_seagulls_attack_drone_beach,selcom_960,S0_detector,medium,89,2,2,91,239,0.978,0.978,0.978,
video_persize,video_drone_flock_of_seagulls_attack_drone_beach,selcom_960,S0_detector,large,40,2,0,40,239,0.9524,1.0,0.9756,
video_persize,video_drone_two_birds_drone,selcom_960,S0_detector,small,54,38,26,80,150,0.587,0.675,0.6279,
video_persize,video_drone_two_birds_drone,selcom_960,S0_detector,medium,65,131,5,70,150,0.3316,0.9286,0.4887,
video_persize,video_drone_two_birds_drone,selcom_960,S0_detector,large,0,1,0,0,150,0.0,0.0,0.0,
video_persize,video_birds_birds_flying_overhead_various_sizes_short,selcom_960,S0_detector,small,0,9,0,0,20,0.0,0.0,0.0,
video_persize,video_birds_birds_flying_overhead_various_sizes_short,selcom_960,S0_detector,medium,0,33,0,0,20,0.0,0.0,0.0,
video_persize,video_birds_birds_flying_overhead_various_sizes_short,selcom_960,S0_detector,large,0,1,0,0,20,0.0,0.0,0.0,
video_persize,video_birds_birds_in_slow_motion_flying_various_sizes_compilation,selcom_960,S0_detector,small,0,15,0,0,271,0.0,0.0,0.0,
video_persize,video_birds_birds_in_slow_motion_flying_various_sizes_compilation,selcom_960,S0_detector,medium,0,128,0,0,271,0.0,0.0,0.0,
video_persize,video_birds_birds_in_slow_motion_flying_various_sizes_compilation,selcom_960,S0_detector,large,0,48,0,0,271,0.0,0.0,0.0,
video_persize,video_birds_distant_birds_flying_in_the_sky_short,selcom_960,S0_detector,small,0,4,0,0,20,0.0,0.0,0.0,
video_persize,video_birds_distant_birds_flying_in_the_sky_short,selcom_960,S0_detector,medium,0,7,0,0,20,0.0,0.0,0.0,
video_persize,video_birds_distant_birds_flying_in_the_sky_short,selcom_960,S0_detector,large,0,0,0,0,20,0.0,0.0,0.0,
video_persize,video_birds_flock_of_birds_flying_short,selcom_960,S0_detector,small,0,0,0,0,21,0.0,0.0,0.0,
video_persize,video_birds_flock_of_birds_flying_short,selcom_960,S0_detector,medium,0,3,0,0,21,0.0,0.0,0.0,
video_persize,video_birds_flock_of_birds_flying_short,selcom_960,S0_detector,large,0,0,0,0,21,0.0,0.0,0.0,
video_persize,video_birds_flock_of_birds_flying_sunset,selcom_960,S0_detector,small,0,0,0,0,20,0.0,0.0,0.0,
video_persize,video_birds_flock_of_birds_flying_sunset,selcom_960,S0_detector,medium,0,2,0,0,20,0.0,0.0,0.0,
video_persize,video_birds_flock_of_birds_flying_sunset,selcom_960,S0_detector,large,0,0,0,0,20,0.0,0.0,0.0,
video_persize,video_airplanes_airplanes_compilation,selcom_960,S0_detector,small,0,5,0,0,249,0.0,0.0,0.0,
video_persize,video_airplanes_airplanes_compilation,selcom_960,S0_detector,medium,0,49,0,0,249,0.0,0.0,0.0,
video_persize,video_airplanes_airplanes_compilation,selcom_960,S0_detector,large,0,56,0,0,249,0.0,0.0,0.0,
video_persize,video_airplanes_distant_airplane_over_head_flying_away,selcom_960,S0_detector,small,0,10,0,0,55,0.0,0.0,0.0,
video_persize,video_airplanes_distant_airplane_over_head_flying_away,selcom_960,S0_detector,medium,0,14,0,0,55,0.0,0.0,0.0,
video_persize,video_airplanes_distant_airplane_over_head_flying_away,selcom_960,S0_detector,large,0,0,0,0,55,0.0,0.0,0.0,
video_persize,video_helicopters_helicopter_compilation,selcom_960,S0_detector,small,0,7,0,0,554,0.0,0.0,0.0,
video_persize,video_helicopters_helicopter_compilation,selcom_960,S0_detector,medium,0,64,0,0,554,0.0,0.0,0.0,
video_persize,video_helicopters_helicopter_compilation,selcom_960,S0_detector,large,0,43,0,0,554,0.0,0.0,0.0,
video_persize,video_helicopters_helicopter_overhead_short,selcom_960,S0_detector,small,0,2,0,0,20,0.0,0.0,0.0,
video_persize,video_helicopters_helicopter_overhead_short,selcom_960,S0_detector,medium,0,6,0,0,20,0.0,0.0,0.0,
video_persize,video_helicopters_helicopter_overhead_short,selcom_960,S0_detector,large,0,2,0,0,20,0.0,0.0,0.0,
video_persize,video_helicopters_helicopter_overhead_very_small_airplane_in_background,selcom_960,S0_detector,small,0,0,0,0,20,0.0,0.0,0.0,
video_persize,video_helicopters_helicopter_overhead_very_small_airplane_in_background,selcom_960,S0_detector,medium,0,10,0,0,20,0.0,0.0,0.0,
video_persize,video_helicopters_helicopter_overhead_very_small_airplane_in_background,selcom_960,S0_detector,large,0,3,0,0,20,0.0,0.0,0.0,
video_persize,video_drone_drone_and_bird_sky_and_trees_short,selcom_640,S0_detector,small,5,15,44,49,114,0.25,0.102,0.1449,
video_persize,video_drone_drone_and_bird_sky_and_trees_short,selcom_640,S0_detector,medium,53,13,13,66,114,0.803,0.803,0.803,
video_persize,video_drone_drone_and_bird_sky_and_trees_short,selcom_640,S0_detector,large,0,0,0,0,114,0.0,0.0,0.0,
video_persize,video_drone_drone_attacked_by_bird_mountain_side_view,selcom_640,S0_detector,small,0,3,2,2,108,0.0,0.0,0.0,
video_persize,video_drone_drone_attacked_by_bird_mountain_side_view,selcom_640,S0_detector,medium,22,13,43,65,108,0.6286,0.3385,0.44,
video_persize,video_drone_drone_attacked_by_bird_mountain_side_view,selcom_640,S0_detector,large,19,5,2,21,108,0.7917,0.9048,0.8444,
video_persize,video_drone_drone_over_mountain_attacked_by_birds,selcom_640,S0_detector,small,0,0,0,0,68,0.0,0.0,0.0,
video_persize,video_drone_drone_over_mountain_attacked_by_birds,selcom_640,S0_detector,medium,0,0,0,0,68,0.0,0.0,0.0,
video_persize,video_drone_drone_over_mountain_attacked_by_birds,selcom_640,S0_detector,large,12,0,56,68,68,1.0,0.1765,0.3,
video_persize,video_drone_drone_seagull_attack,selcom_640,S0_detector,small,0,8,0,0,235,0.0,0.0,0.0,
video_persize,video_drone_drone_seagull_attack,selcom_640,S0_detector,medium,17,27,1,18,235,0.3864,0.9444,0.5484,
video_persize,video_drone_drone_seagull_attack,selcom_640,S0_detector,large,133,5,43,176,235,0.9638,0.7557,0.8471,
video_persize,video_drone_drone_takeoff_from_ground_and_not_hand_short,selcom_640,S0_detector,small,15,2,1,16,163,0.8824,0.9375,0.9091,
video_persize,video_drone_drone_takeoff_from_ground_and_not_hand_short,selcom_640,S0_detector,medium,44,1,0,44,163,0.9778,1.0,0.9888,
video_persize,video_drone_drone_takeoff_from_ground_and_not_hand_short,selcom_640,S0_detector,large,81,1,13,94,163,0.9878,0.8617,0.9205,
video_persize,video_drone_drone_takeoff_short,selcom_640,S0_detector,small,10,0,0,10,116,1.0,1.0,1.0,
video_persize,video_drone_drone_takeoff_short,selcom_640,S0_detector,medium,30,0,20,50,116,1.0,0.6,0.75,
video_persize,video_drone_drone_takeoff_short,selcom_640,S0_detector,large,46,1,10,56,116,0.9787,0.8214,0.8932,
video_persize,video_drone_drone_takeoff_short_trees_background_dji_air_3s_take_off_sho,selcom_640,S0_detector,small,0,0,0,0,166,0.0,0.0,0.0,
video_persize,video_drone_drone_takeoff_short_trees_background_dji_air_3s_take_off_sho,selcom_640,S0_detector,medium,2,0,12,14,166,1.0,0.1429,0.25,
video_persize,video_drone_drone_takeoff_short_trees_background_dji_air_3s_take_off_sho,selcom_640,S0_detector,large,121,5,27,148,166,0.9603,0.8176,0.8832,
video_persize,video_drone_flock_of_seagulls_attack_drone_beach,selcom_640,S0_detector,small,10,0,46,56,239,1.0,0.1786,0.303,
video_persize,video_drone_flock_of_seagulls_attack_drone_beach,selcom_640,S0_detector,medium,75,3,16,91,239,0.9615,0.8242,0.8876,
video_persize,video_drone_flock_of_seagulls_attack_drone_beach,selcom_640,S0_detector,large,40,0,0,40,239,1.0,1.0,1.0,
video_persize,video_drone_two_birds_drone,selcom_640,S0_detector,small,36,9,44,80,150,0.8,0.45,0.576,
video_persize,video_drone_two_birds_drone,selcom_640,S0_detector,medium,51,86,19,70,150,0.3723,0.7286,0.4928,
video_persize,video_drone_two_birds_drone,selcom_640,S0_detector,large,0,0,0,0,150,0.0,0.0,0.0,
video_persize,video_birds_birds_flying_overhead_various_sizes_short,selcom_640,S0_detector,small,0,2,0,0,20,0.0,0.0,0.0,
video_persize,video_birds_birds_flying_overhead_various_sizes_short,selcom_640,S0_detector,medium,0,14,0,0,20,0.0,0.0,0.0,
video_persize,video_birds_birds_flying_overhead_various_sizes_short,selcom_640,S0_detector,large,0,2,0,0,20,0.0,0.0,0.0,
video_persize,video_birds_birds_in_slow_motion_flying_various_sizes_compilation,selcom_640,S0_detector,small,0,1,0,0,271,0.0,0.0,0.0,
video_persize,video_birds_birds_in_slow_motion_flying_various_sizes_compilation,selcom_640,S0_detector,medium,0,63,0,0,271,0.0,0.0,0.0,
video_persize,video_birds_birds_in_slow_motion_flying_various_sizes_compilation,selcom_640,S0_detector,large,0,26,0,0,271,0.0,0.0,0.0,
video_persize,video_birds_distant_birds_flying_in_the_sky_short,selcom_640,S0_detector,small,0,0,0,0,20,0.0,0.0,0.0,
video_persize,video_birds_distant_birds_flying_in_the_sky_short,selcom_640,S0_detector,medium,0,0,0,0,20,0.0,0.0,0.0,
video_persize,video_birds_distant_birds_flying_in_the_sky_short,selcom_640,S0_detector,large,0,0,0,0,20,0.0,0.0,0.0,
video_persize,video_birds_flock_of_birds_flying_short,selcom_640,S0_detector,small,0,0,0,0,21,0.0,0.0,0.0,
video_persize,video_birds_flock_of_birds_flying_short,selcom_640,S0_detector,medium,0,1,0,0,21,0.0,0.0,0.0,
video_persize,video_birds_flock_of_birds_flying_short,selcom_640,S0_detector,large,0,0,0,0,21,0.0,0.0,0.0,
video_persize,video_birds_flock_of_birds_flying_sunset,selcom_640,S0_detector,small,0,0,0,0,20,0.0,0.0,0.0,
video_persize,video_birds_flock_of_birds_flying_sunset,selcom_640,S0_detector,medium,0,1,0,0,20,0.0,0.0,0.0,
video_persize,video_birds_flock_of_birds_flying_sunset,selcom_640,S0_detector,large,0,0,0,0,20,0.0,0.0,0.0,
video_persize,video_airplanes_airplanes_compilation,selcom_640,S0_detector,small,0,1,0,0,249,0.0,0.0,0.0,
video_persize,video_airplanes_airplanes_compilation,selcom_640,S0_detector,medium,0,42,0,0,249,0.0,0.0,0.0,
video_persize,video_airplanes_airplanes_compilation,selcom_640,S0_detector,large,0,46,0,0,249,0.0,0.0,0.0,
video_persize,video_airplanes_distant_airplane_over_head_flying_away,selcom_640,S0_detector,small,0,9,0,0,55,0.0,0.0,0.0,
video_persize,video_airplanes_distant_airplane_over_head_flying_away,selcom_640,S0_detector,medium,0,11,0,0,55,0.0,0.0,0.0,
video_persize,video_airplanes_distant_airplane_over_head_flying_away,selcom_640,S0_detector,large,0,0,0,0,55,0.0,0.0,0.0,
video_persize,video_helicopters_helicopter_compilation,selcom_640,S0_detector,small,0,2,0,0,554,0.0,0.0,0.0,
video_persize,video_helicopters_helicopter_compilation,selcom_640,S0_detector,medium,0,49,0,0,554,0.0,0.0,0.0,
video_persize,video_helicopters_helicopter_compilation,selcom_640,S0_detector,large,0,36,0,0,554,0.0,0.0,0.0,
video_persize,video_helicopters_helicopter_overhead_short,selcom_640,S0_detector,small,0,0,0,0,20,0.0,0.0,0.0,
video_persize,video_helicopters_helicopter_overhead_short,selcom_640,S0_detector,medium,0,5,0,0,20,0.0,0.0,0.0,
video_persize,video_helicopters_helicopter_overhead_short,selcom_640,S0_detector,large,0,1,0,0,20,0.0,0.0,0.0,
video_persize,video_helicopters_helicopter_overhead_very_small_airplane_in_background,selcom_640,S0_detector,small,0,0,0,0,20,0.0,0.0,0.0,
video_persize,video_helicopters_helicopter_overhead_very_small_airplane_in_background,selcom_640,S0_detector,medium,0,11,0,0,20,0.0,0.0,0.0,
video_persize,video_helicopters_helicopter_overhead_very_small_airplane_in_background,selcom_640,S0_detector,large,0,2,0,0,20,0.0,0.0,0.0,
video_persize,video_drone_drone_and_bird_sky_and_trees_short,ir_final_gray,S0_detector,small,18,28,31,49,114,0.3913,0.3673,0.3789,
video_persize,video_drone_drone_and_bird_sky_and_trees_short,ir_final_gray,S0_detector,medium,59,5,7,66,114,0.9219,0.8939,0.9077,
video_persize,video_drone_drone_and_bird_sky_and_trees_short,ir_final_gray,S0_detector,large,0,1,0,0,114,0.0,0.0,0.0,
video_persize,video_drone_drone_attacked_by_bird_mountain_side_view,ir_final_gray,S0_detector,small,0,4,2,2,108,0.0,0.0,0.0,
video_persize,video_drone_drone_attacked_by_bird_mountain_side_view,ir_final_gray,S0_detector,medium,19,4,46,65,108,0.8261,0.2923,0.4318,
video_persize,video_drone_drone_attacked_by_bird_mountain_side_view,ir_final_gray,S0_detector,large,2,0,19,21,108,1.0,0.0952,0.1739,
video_persize,video_drone_drone_over_mountain_attacked_by_birds,ir_final_gray,S0_detector,small,0,4,0,0,68,0.0,0.0,0.0,
video_persize,video_drone_drone_over_mountain_attacked_by_birds,ir_final_gray,S0_detector,medium,0,0,0,0,68,0.0,0.0,0.0,
video_persize,video_drone_drone_over_mountain_attacked_by_birds,ir_final_gray,S0_detector,large,26,4,42,68,68,0.8667,0.3824,0.5306,
video_persize,video_drone_drone_seagull_attack,ir_final_gray,S0_detector,small,0,34,0,0,235,0.0,0.0,0.0,
video_persize,video_drone_drone_seagull_attack,ir_final_gray,S0_detector,medium,9,23,9,18,235,0.2812,0.5,0.36,
video_persize,video_drone_drone_seagull_attack,ir_final_gray,S0_detector,large,122,7,54,176,235,0.9457,0.6932,0.8,
video_persize,video_drone_drone_takeoff_from_ground_and_not_hand_short,ir_final_gray,S0_detector,small,15,5,1,16,163,0.75,0.9375,0.8333,
video_persize,video_drone_drone_takeoff_from_ground_and_not_hand_short,ir_final_gray,S0_detector,medium,43,0,1,44,163,1.0,0.9773,0.9885,
video_persize,video_drone_drone_takeoff_from_ground_and_not_hand_short,ir_final_gray,S0_detector,large,21,42,73,94,163,0.3333,0.2234,0.2675,
video_persize,video_drone_drone_takeoff_short,ir_final_gray,S0_detector,small,0,0,10,10,116,0.0,0.0,0.0,
video_persize,video_drone_drone_takeoff_short,ir_final_gray,S0_detector,medium,0,0,50,50,116,0.0,0.0,0.0,
video_persize,video_drone_drone_takeoff_short,ir_final_gray,S0_detector,large,14,26,42,56,116,0.35,0.25,0.2917,
video_persize,video_drone_drone_takeoff_short_trees_background_dji_air_3s_take_off_sho,ir_final_gray,S0_detector,small,0,16,0,0,166,0.0,0.0,0.0,
video_persize,video_drone_drone_takeoff_short_trees_background_dji_air_3s_take_off_sho,ir_final_gray,S0_detector,medium,0,0,14,14,166,0.0,0.0,0.0,
video_persize,video_drone_drone_takeoff_short_trees_background_dji_air_3s_take_off_sho,ir_final_gray,S0_detector,large,45,23,103,148,166,0.6618,0.3041,0.4167,
video_persize,video_drone_flock_of_seagulls_attack_drone_beach,ir_final_gray,S0_detector,small,4,0,52,56,239,1.0,0.0714,0.1333,
video_persize,video_drone_flock_of_seagulls_attack_drone_beach,ir_final_gray,S0_detector,medium,26,3,65,91,239,0.8966,0.2857,0.4333,
video_persize,video_drone_flock_of_seagulls_attack_drone_beach,ir_final_gray,S0_detector,large,31,21,9,40,239,0.5962,0.775,0.6739,
video_persize,video_drone_two_birds_drone,ir_final_gray,S0_detector,small,47,22,33,80,150,0.6812,0.5875,0.6309,
video_persize,video_drone_two_birds_drone,ir_final_gray,S0_detector,medium,26,6,44,70,150,0.8125,0.3714,0.5098,
video_persize,video_drone_two_birds_drone,ir_final_gray,S0_detector,large,0,0,0,0,150,0.0,0.0,0.0,
video_persize,video_birds_birds_flying_overhead_various_sizes_short,ir_final_gray,S0_detector,small,0,2,0,0,20,0.0,0.0,0.0,
video_persize,video_birds_birds_flying_overhead_various_sizes_short,ir_final_gray,S0_detector,medium,0,0,0,0,20,0.0,0.0,0.0,
video_persize,video_birds_birds_flying_overhead_various_sizes_short,ir_final_gray,S0_detector,large,0,0,0,0,20,0.0,0.0,0.0,
video_persize,video_birds_birds_in_slow_motion_flying_various_sizes_compilation,ir_final_gray,S0_detector,small,0,3,0,0,271,0.0,0.0,0.0,
video_persize,video_birds_birds_in_slow_motion_flying_various_sizes_compilation,ir_final_gray,S0_detector,medium,0,2,0,0,271,0.0,0.0,0.0,
video_persize,video_birds_birds_in_slow_motion_flying_various_sizes_compilation,ir_final_gray,S0_detector,large,0,4,0,0,271,0.0,0.0,0.0,
video_persize,video_birds_distant_birds_flying_in_the_sky_short,ir_final_gray,S0_detector,small,0,13,0,0,20,0.0,0.0,0.0,
video_persize,video_birds_distant_birds_flying_in_the_sky_short,ir_final_gray,S0_detector,medium,0,1,0,0,20,0.0,0.0,0.0,
video_persize,video_birds_distant_birds_flying_in_the_sky_short,ir_final_gray,S0_detector,large,0,0,0,0,20,0.0,0.0,0.0,
video_persize,video_birds_flock_of_birds_flying_short,ir_final_gray,S0_detector,small,0,2,0,0,21,0.0,0.0,0.0,
video_persize,video_birds_flock_of_birds_flying_short,ir_final_gray,S0_detector,medium,0,0,0,0,21,0.0,0.0,0.0,
video_persize,video_birds_flock_of_birds_flying_short,ir_final_gray,S0_detector,large,0,0,0,0,21,0.0,0.0,0.0,
video_persize,video_birds_flock_of_birds_flying_sunset,ir_final_gray,S0_detector,small,0,0,0,0,20,0.0,0.0,0.0,
video_persize,video_birds_flock_of_birds_flying_sunset,ir_final_gray,S0_detector,medium,0,0,0,0,20,0.0,0.0,0.0,
video_persize,video_birds_flock_of_birds_flying_sunset,ir_final_gray,S0_detector,large,0,0,0,0,20,0.0,0.0,0.0,
video_persize,video_airplanes_airplanes_compilation,ir_final_gray,S0_detector,small,0,14,0,0,249,0.0,0.0,0.0,
video_persize,video_airplanes_airplanes_compilation,ir_final_gray,S0_detector,medium,0,27,0,0,249,0.0,0.0,0.0,
video_persize,video_airplanes_airplanes_compilation,ir_final_gray,S0_detector,large,0,32,0,0,249,0.0,0.0,0.0,
video_persize,video_airplanes_distant_airplane_over_head_flying_away,ir_final_gray,S0_detector,small,0,13,0,0,55,0.0,0.0,0.0,
video_persize,video_airplanes_distant_airplane_over_head_flying_away,ir_final_gray,S0_detector,medium,0,4,0,0,55,0.0,0.0,0.0,
video_persize,video_airplanes_distant_airplane_over_head_flying_away,ir_final_gray,S0_detector,large,0,0,0,0,55,0.0,0.0,0.0,
video_persize,video_helicopters_helicopter_compilation,ir_final_gray,S0_detector,small,0,13,0,0,554,0.0,0.0,0.0,
video_persize,video_helicopters_helicopter_compilation,ir_final_gray,S0_detector,medium,0,6,0,0,554,0.0,0.0,0.0,
video_persize,video_helicopters_helicopter_compilation,ir_final_gray,S0_detector,large,0,46,0,0,554,0.0,0.0,0.0,
video_persize,video_helicopters_helicopter_overhead_short,ir_final_gray,S0_detector,small,0,0,0,0,20,0.0,0.0,0.0,
video_persize,video_helicopters_helicopter_overhead_short,ir_final_gray,S0_detector,medium,0,4,0,0,20,0.0,0.0,0.0,
video_persize,video_helicopters_helicopter_overhead_short,ir_final_gray,S0_detector,large,0,0,0,0,20,0.0,0.0,0.0,
video_persize,video_helicopters_helicopter_overhead_very_small_airplane_in_background,ir_final_gray,S0_detector,small,0,0,0,0,20,0.0,0.0,0.0,
video_persize,video_helicopters_helicopter_overhead_very_small_airplane_in_background,ir_final_gray,S0_detector,medium,0,1,0,0,20,0.0,0.0,0.0,
video_persize,video_helicopters_helicopter_overhead_very_small_airplane_in_background,ir_final_gray,S0_detector,large,0,1,0,0,20,0.0,0.0,0.0,
video_persize,video_drone_drone_and_bird_sky_and_trees_short,ir_final_rgb,S0_detector,small,5,14,44,49,114,0.2632,0.102,0.1471,
video_persize,video_drone_drone_and_bird_sky_and_trees_short,ir_final_rgb,S0_detector,medium,38,3,28,66,114,0.9268,0.5758,0.7103,
video_persize,video_drone_drone_and_bird_sky_and_trees_short,ir_final_rgb,S0_detector,large,0,0,0,0,114,0.0,0.0,0.0,
video_persize,video_drone_drone_attacked_by_bird_mountain_side_view,ir_final_rgb,S0_detector,small,0,5,2,2,108,0.0,0.0,0.0,
video_persize,video_drone_drone_attacked_by_bird_mountain_side_view,ir_final_rgb,S0_detector,medium,29,14,36,65,108,0.6744,0.4462,0.537,
video_persize,video_drone_drone_attacked_by_bird_mountain_side_view,ir_final_rgb,S0_detector,large,8,1,13,21,108,0.8889,0.381,0.5333,
video_persize,video_drone_drone_over_mountain_attacked_by_birds,ir_final_rgb,S0_detector,small,0,1,0,0,68,0.0,0.0,0.0,
video_persize,video_drone_drone_over_mountain_attacked_by_birds,ir_final_rgb,S0_detector,medium,0,1,0,0,68,0.0,0.0,0.0,
video_persize,video_drone_drone_over_mountain_attacked_by_birds,ir_final_rgb,S0_detector,large,5,0,63,68,68,1.0,0.0735,0.137,
video_persize,video_drone_drone_seagull_attack,ir_final_rgb,S0_detector,small,0,1,0,0,235,0.0,0.0,0.0,
video_persize,video_drone_drone_seagull_attack,ir_final_rgb,S0_detector,medium,4,0,14,18,235,1.0,0.2222,0.3636,
video_persize,video_drone_drone_seagull_attack,ir_final_rgb,S0_detector,large,7,0,169,176,235,1.0,0.0398,0.0765,
video_persize,video_drone_drone_takeoff_from_ground_and_not_hand_short,ir_final_rgb,S0_detector,small,1,0,15,16,163,1.0,0.0625,0.1176,
video_persize,video_drone_drone_takeoff_from_ground_and_not_hand_short,ir_final_rgb,S0_detector,medium,4,0,40,44,163,1.0,0.0909,0.1667,
video_persize,video_drone_drone_takeoff_from_ground_and_not_hand_short,ir_final_rgb,S0_detector,large,0,0,94,94,163,0.0,0.0,0.0,
video_persize,video_drone_drone_takeoff_short,ir_final_rgb,S0_detector,small,0,0,10,10,116,0.0,0.0,0.0,
video_persize,video_drone_drone_takeoff_short,ir_final_rgb,S0_detector,medium,10,0,40,50,116,1.0,0.2,0.3333,
video_persize,video_drone_drone_takeoff_short,ir_final_rgb,S0_detector,large,1,0,55,56,116,1.0,0.0179,0.0351,
video_persize,video_drone_drone_takeoff_short_trees_background_dji_air_3s_take_off_sho,ir_final_rgb,S0_detector,small,0,1,0,0,166,0.0,0.0,0.0,
video_persize,video_drone_drone_takeoff_short_trees_background_dji_air_3s_take_off_sho,ir_final_rgb,S0_detector,medium,0,0,14,14,166,0.0,0.0,0.0,
video_persize,video_drone_drone_takeoff_short_trees_background_dji_air_3s_take_off_sho,ir_final_rgb,S0_detector,large,0,0,148,148,166,0.0,0.0,0.0,
video_persize,video_drone_flock_of_seagulls_attack_drone_beach,ir_final_rgb,S0_detector,small,1,0,55,56,239,1.0,0.0179,0.0351,
video_persize,video_drone_flock_of_seagulls_attack_drone_beach,ir_final_rgb,S0_detector,medium,5,0,86,91,239,1.0,0.0549,0.1042,
video_persize,video_drone_flock_of_seagulls_attack_drone_beach,ir_final_rgb,S0_detector,large,2,0,38,40,239,1.0,0.05,0.0952,
video_persize,video_drone_two_birds_drone,ir_final_rgb,S0_detector,small,6,1,74,80,150,0.8571,0.075,0.1379,
video_persize,video_drone_two_birds_drone,ir_final_rgb,S0_detector,medium,39,29,31,70,150,0.5735,0.5571,0.5652,
video_persize,video_drone_two_birds_drone,ir_final_rgb,S0_detector,large,0,5,0,0,150,0.0,0.0,0.0,
video_persize,video_birds_birds_flying_overhead_various_sizes_short,ir_final_rgb,S0_detector,small,0,1,0,0,20,0.0,0.0,0.0,
video_persize,video_birds_birds_flying_overhead_various_sizes_short,ir_final_rgb,S0_detector,medium,0,1,0,0,20,0.0,0.0,0.0,
video_persize,video_birds_birds_flying_overhead_various_sizes_short,ir_final_rgb,S0_detector,large,0,0,0,0,20,0.0,0.0,0.0,
video_persize,video_birds_birds_in_slow_motion_flying_various_sizes_compilation,ir_final_rgb,S0_detector,small,0,7,0,0,271,0.0,0.0,0.0,
video_persize,video_birds_birds_in_slow_motion_flying_various_sizes_compilation,ir_final_rgb,S0_detector,medium,0,3,0,0,271,0.0,0.0,0.0,
video_persize,video_birds_birds_in_slow_motion_flying_various_sizes_compilation,ir_final_rgb,S0_detector,large,0,0,0,0,271,0.0,0.0,0.0,
video_persize,video_birds_distant_birds_flying_in_the_sky_short,ir_final_rgb,S0_detector,small,0,13,0,0,20,0.0,0.0,0.0,
video_persize,video_birds_distant_birds_flying_in_the_sky_short,ir_final_rgb,S0_detector,medium,0,1,0,0,20,0.0,0.0,0.0,
video_persize,video_birds_distant_birds_flying_in_the_sky_short,ir_final_rgb,S0_detector,large,0,0,0,0,20,0.0,0.0,0.0,
video_persize,video_birds_flock_of_birds_flying_short,ir_final_rgb,S0_detector,small,0,1,0,0,21,0.0,0.0,0.0,
video_persize,video_birds_flock_of_birds_flying_short,ir_final_rgb,S0_detector,medium,0,0,0,0,21,0.0,0.0,0.0,
video_persize,video_birds_flock_of_birds_flying_short,ir_final_rgb,S0_detector,large,0,0,0,0,21,0.0,0.0,0.0,
video_persize,video_birds_flock_of_birds_flying_sunset,ir_final_rgb,S0_detector,small,0,0,0,0,20,0.0,0.0,0.0,
video_persize,video_birds_flock_of_birds_flying_sunset,ir_final_rgb,S0_detector,medium,0,0,0,0,20,0.0,0.0,0.0,
video_persize,video_birds_flock_of_birds_flying_sunset,ir_final_rgb,S0_detector,large,0,0,0,0,20,0.0,0.0,0.0,
video_persize,video_airplanes_airplanes_compilation,ir_final_rgb,S0_detector,small,0,6,0,0,249,0.0,0.0,0.0,
video_persize,video_airplanes_airplanes_compilation,ir_final_rgb,S0_detector,medium,0,11,0,0,249,0.0,0.0,0.0,
video_persize,video_airplanes_airplanes_compilation,ir_final_rgb,S0_detector,large,0,9,0,0,249,0.0,0.0,0.0,
video_persize,video_airplanes_distant_airplane_over_head_flying_away,ir_final_rgb,S0_detector,small,0,1,0,0,55,0.0,0.0,0.0,
video_persize,video_airplanes_distant_airplane_over_head_flying_away,ir_final_rgb,S0_detector,medium,0,0,0,0,55,0.0,0.0,0.0,
video_persize,video_airplanes_distant_airplane_over_head_flying_away,ir_final_rgb,S0_detector,large,0,0,0,0,55,0.0,0.0,0.0,
video_persize,video_helicopters_helicopter_compilation,ir_final_rgb,S0_detector,small,0,13,0,0,554,0.0,0.0,0.0,
video_persize,video_helicopters_helicopter_compilation,ir_final_rgb,S0_detector,medium,0,3,0,0,554,0.0,0.0,0.0,
video_persize,video_helicopters_helicopter_compilation,ir_final_rgb,S0_detector,large,0,1,0,0,554,0.0,0.0,0.0,
video_persize,video_helicopters_helicopter_overhead_short,ir_final_rgb,S0_detector,small,0,2,0,0,20,0.0,0.0,0.0,
video_persize,video_helicopters_helicopter_overhead_short,ir_final_rgb,S0_detector,medium,0,0,0,0,20,0.0,0.0,0.0,
video_persize,video_helicopters_helicopter_overhead_short,ir_final_rgb,S0_detector,large,0,0,0,0,20,0.0,0.0,0.0,
video_persize,video_helicopters_helicopter_overhead_very_small_airplane_in_background,ir_final_rgb,S0_detector,small,0,0,0,0,20,0.0,0.0,0.0,
video_persize,video_helicopters_helicopter_overhead_very_small_airplane_in_background,ir_final_rgb,S0_detector,medium,0,0,0,0,20,0.0,0.0,0.0,
video_persize,video_helicopters_helicopter_overhead_very_small_airplane_in_background,ir_final_rgb,S0_detector,large,0,0,0,0,20,0.0,0.0,0.0,
svanstrom_persize,svanstrom,baseline,S0_detector,small,62,91,14,76,,0.4052,0.8158,0.5415,
svanstrom_persize,svanstrom,baseline,S0_detector,medium,1512,18,48,1560,,0.9882,0.9692,0.9786,
svanstrom_persize,svanstrom,baseline,S0_detector,large,36,0,2,38,,1.0,0.9474,0.973,
svanstrom_persize,svanstrom,hardneg_v3more,S0_detector,small,64,90,12,76,,0.4156,0.8421,0.5565,
svanstrom_persize,svanstrom,hardneg_v3more,S0_detector,medium,1499,21,61,1560,,0.9862,0.9609,0.9734,
svanstrom_persize,svanstrom,hardneg_v3more,S0_detector,large,36,0,2,38,,1.0,0.9474,0.973,
svanstrom_persize,svanstrom,retrained_v2,S0_detector,small,26,30,50,76,,0.4643,0.3421,0.3939,
svanstrom_persize,svanstrom,retrained_v2,S0_detector,medium,484,2,1076,1560,,0.9959,0.3103,0.4731,
svanstrom_persize,svanstrom,retrained_v2,S0_detector,large,32,0,6,38,,1.0,0.8421,0.9143,
svanstrom_persize,svanstrom,selcom_1280,S0_detector,small,57,39,19,76,,0.5938,0.75,0.6628,
svanstrom_persize,svanstrom,selcom_1280,S0_detector,medium,1432,13,128,1560,,0.991,0.9179,0.9531,
svanstrom_persize,svanstrom,selcom_1280,S0_detector,large,37,0,1,38,,1.0,0.9737,0.9867,
svanstrom_persize,svanstrom,selcom_960,S0_detector,small,48,20,28,76,,0.7059,0.6316,0.6667,
svanstrom_persize,svanstrom,selcom_960,S0_detector,medium,1321,3,239,1560,,0.9977,0.8468,0.9161,
svanstrom_persize,svanstrom,selcom_960,S0_detector,large,37,0,1,38,,1.0,0.9737,0.9867,
svanstrom_persize,svanstrom,selcom_640,S0_detector,small,26,1,50,76,,0.963,0.3421,0.5049,
svanstrom_persize,svanstrom,selcom_640,S0_detector,medium,918,2,642,1560,,0.9978,0.5885,0.7403,
svanstrom_persize,svanstrom,selcom_640,S0_detector,large,36,0,2,38,,1.0,0.9474,0.973,
antiuav_per_model,antiuav,baseline,S0_detector,small,410,6,5,,,0.9856,0.9880,0.9868,
antiuav_per_model,antiuav,baseline,S0_detector,medium,3738,35,21,,,0.9907,0.9944,0.9926,
antiuav_per_model,antiuav,baseline,S0_detector,large,253,2,0,,,0.9922,1.0000,0.9961,
antiuav_per_model,antiuav,retrained_v2,S0_detector,small,408,6,7,,,0.9855,0.9831,0.9843,
antiuav_per_model,antiuav,retrained_v2,S0_detector,medium,3746,30,13,,,0.9921,0.9965,0.9943,
antiuav_per_model,antiuav,retrained_v2,S0_detector,large,253,3,0,,,0.9883,1.0000,0.9941,
antiuav_per_model,antiuav,selcom_1280,S0_detector,small,402,40,13,,,0.9095,0.9687,0.9382,
antiuav_per_model,antiuav,selcom_1280,S0_detector,medium,3676,804,83,,,0.8205,0.9779,0.8923,
antiuav_per_model,antiuav,selcom_1280,S0_detector,large,253,5,0,,,0.9806,1.0000,0.9902,
antiuav_per_model,antiuav,selcom_640,S0_detector,small,402,6,13,,,0.9853,0.9687,0.9769,
antiuav_per_model,antiuav,selcom_640,S0_detector,medium,3706,20,53,,,0.9946,0.9859,0.9902,
antiuav_per_model,antiuav,selcom_640,S0_detector,large,251,11,2,,,0.9580,0.9921,0.9748,
antiuav_per_model,antiuav,selcom_960,S0_detector,small,399,14,16,,,0.9661,0.9614,0.9638,
antiuav_per_model,antiuav,selcom_960,S0_detector,medium,3703,159,56,,,0.9588,0.9851,0.9718,
antiuav_per_model,antiuav,selcom_960,S0_detector,large,253,2,0,,,0.9922,1.0000,0.9961,
selcom_val_holdout,selcom_val,baseline,S0_detector,small,12,5,154,,,0.7059,0.0723,0.1311,
selcom_val_holdout,selcom_val,baseline,S0_detector,medium,14,32,111,,,0.3043,0.1120,0.1637,
selcom_val_holdout,selcom_val,baseline,S0_detector,large,0,0,4,,,0.0000,0.0000,0.0000,
selcom_val_holdout,selcom_val,hardneg_v3more,S0_detector,small,4,3,162,,,0.5714,0.0241,0.0462,
selcom_val_holdout,selcom_val,hardneg_v3more,S0_detector,medium,0,0,125,,,0.0000,0.0000,0.0000,
selcom_val_holdout,selcom_val,hardneg_v3more,S0_detector,large,0,0,4,,,0.0000,0.0000,0.0000,
selcom_val_holdout,selcom_val,retrained_v2,S0_detector,small,0,1,166,,,0.0000,0.0000,0.0000,
selcom_val_holdout,selcom_val,retrained_v2,S0_detector,medium,1,2,124,,,0.3333,0.0080,0.0156,
selcom_val_holdout,selcom_val,retrained_v2,S0_detector,large,0,0,4,,,0.0000,0.0000,0.0000,
selcom_val_holdout,selcom_val,selcom_1280,S0_detector,small,69,22,97,,,0.7582,0.4157,0.5370,
selcom_val_holdout,selcom_val,selcom_1280,S0_detector,medium,69,21,56,,,0.7667,0.5520,0.6419,
selcom_val_holdout,selcom_val,selcom_1280,S0_detector,large,0,0,4,,,0.0000,0.0000,0.0000,
selcom_val_holdout,selcom_val,selcom_640,S0_detector,small,9,0,157,,,1.0000,0.0542,0.1029,
selcom_val_holdout,selcom_val,selcom_640,S0_detector,medium,25,5,100,,,0.8333,0.2000,0.3226,
selcom_val_holdout,selcom_val,selcom_640,S0_detector,large,1,0,3,,,1.0000,0.2500,0.4000,
selcom_val_holdout,selcom_val,selcom_960,S0_detector,small,50,6,116,,,0.8929,0.3012,0.4505,
selcom_val_holdout,selcom_val,selcom_960,S0_detector,medium,76,11,49,,,0.8736,0.6080,0.7170,
selcom_val_holdout,selcom_val,selcom_960,S0_detector,large,3,0,1,,,1.0000,0.7500,0.8571,
full_pipeline_persize,selcom_val,selcom_960,S0_detector,small,50,6,116,,,0.8929,0.3012,0.4505,sa32
full_pipeline_persize,selcom_val,selcom_960,S0_detector,medium,76,11,49,,,0.8736,0.608,0.717,sa32
full_pipeline_persize,selcom_val,selcom_960,S0_detector,large,3,0,1,,,1.0,0.75,0.8571,sa32
full_pipeline_persize,selcom_val,selcom_960,S1_+classifier,small,26,3,140,,,0.8966,0.1566,0.2667,sa32
full_pipeline_persize,selcom_val,selcom_960,S1_+classifier,medium,42,6,83,,,0.875,0.336,0.4855,sa32
full_pipeline_persize,selcom_val,selcom_960,S1_+classifier,large,0,0,4,,,0.0,0.0,0.0,sa32
full_pipeline_persize,selcom_val,selcom_960,S2_+classifier+patch,small,26,3,140,,,0.8966,0.1566,0.2667,sa32
full_pipeline_persize,selcom_val,selcom_960,S2_+classifier+patch,medium,42,6,83,,,0.875,0.336,0.4855,sa32
full_pipeline_persize,selcom_val,selcom_960,S2_+classifier+patch,large,0,0,4,,,0.0,0.0,0.0,sa32
full_pipeline_persize,selcom_val,selcom_960,S3_+patch_only,small,50,6,116,,,0.8929,0.3012,0.4505,sa32
full_pipeline_persize,selcom_val,selcom_960,S3_+patch_only,medium,76,11,49,,,0.8736,0.608,0.717,sa32
full_pipeline_persize,selcom_val,selcom_960,S3_+patch_only,large,3,0,1,,,1.0,0.75,0.8571,sa32
full_pipeline_persize,selcom_val,selcom_960,S4_temporal_no_filter,all,46,0,53,,,1.0,0.4646,0.6345,sa32
full_pipeline_persize,selcom_val,selcom_960,S5_alert_gate_filter,all,46,0,53,,,1.0,0.4646,0.6345,sa32
