id,date,claim,outcome,condition,evidence_evals,contradicts,thesis_contribution,status,notes
mri-v5-report-regen,2026-05-30,MRI regeneration of mlp_v5_report.md from the cached V5 feature corpus contradicts two of its stated numbers,partial,"FT4 detector; shipped corpus _v5_selcom_pure_1x8 (32,931: 19,334 drone + 13,597 conf); 517-D (5 meta + p3@2x2 + p5@1x1)",,,Model MRI tool,confirmed,"Regenerated on the SHIPPED corpus. Original report §2 figures came from a non-shipped corpus (_v5_p3p5_ft4_distill, 35,277); §2 count 35,098 matches neither. Top discriminative feature = P5 channel 154 (F=42,346), NOT confidence (meta max F=10,696, rank 6) -> refutes original §2.4. LDA 95.2% + MLP CV F1 0.9857 confirm originals. Also fixed a channel/cell label transpose bug inherited from visualize_v5_features.py. Writeup: mri/docs/mlp_v5_report_regen.md"
selcom-imgsz-win,2026-05-30,"selcom CCTV recall doubles from imgsz 640->1280 (0.244->0.468) while precision rises (0.59->0.76); imgsz crosses YOLO's small-object floor, preprocessing does not help",supported,,selcom_ft2_1280,,resolution-driven small-drone recovery,confirmed,§3.4; preprocess sweep REPORT.md
retrainedv2-recall-collapse,2026-05-30,aggressive confuser-negative retraining (retrained_v2) collapses drone recall on small-drone Svanstrom (R=0.306 @1280); disqualified for production,supported,visible only on small-drone Svanstrom; Anti-UAV saturation hides it,rgb_svan_retrainedv2;rgb_antiuav_retrainedv2,,,confirmed,§3.1
antiuav-saturated,2026-05-30,"Anti-UAV is saturated (F1~0.994 for both RGB variants, identical TP/FP/FN) - a sanity floor, not a discriminating benchmark",supported,,rgb_antiuav_baseline;rgb_antiuav_retrainedv2,,,confirmed,§3.2; Svanstrom is the discriminating surface
scene-fingerprint-overfit,2026-05-30,per-clip brightness scalars and pos_x act as scene fingerprints under sequence-split; dropping them (lean13->lean10) recovers +18-26pp on held-out drone clips,supported,,,,scene-fingerprint overfitting in fusion classifiers,confirmed,"§5.2,§5.3; lean13/17 deprecated"
trust-classifier-conditional,2026-05-30,no single trust classifier dominates: sa32 wins Svanstrom-distribution metrics but fires 13x more than fusion_no_fn on the OOD confuser zoo,conditional,ship sa32 for calibrated/known-scene deploy; fusion_no_fn for open-world,,,condition-dependent trust calibration,confirmed,§7
v5-beats-patch,2026-05-30,"V5 distillation MLP verifier beats patch v2 on 3/5 surfaces (Svan +8.6pp, selcom +1.5pp, confuser 7.5x cleaner), ties Anti-UAV, suppresses halluc on all 5, and is 46-72x faster per detection",supported,,v5_svan_mlp;v5_svan_patch;v5_selcom_mlp;v5_confuser_mlp;v5_antiuav_mlp,,distilled feature-space verifier (production candidate),confirmed,"§13.1,§13.8"
v5-rgbds-ceiling,2026-05-30,"V5 has a STRUCTURAL recall ceiling (~0.66-0.77) on rgb_dataset_test (photo-style/held-out split); -7.8pp F1 vs bare. Three independent fixes all fail: threshold sweep (no-op), Svanstrom-weight rebalance (no-op), and rgb_dataset coverage boost (+14.5k drones = NET-NEGATIVE, -3pp recall). Train/test distribution mismatch, not a tuning problem.",supported,,v5_rgbds_mlp;v5_rgbds_bare;v52_rgbds_remine,v5-beats-patch,,confirmed,"§13.4,§13.8; coverage-boost disproof 2026-05-30 (V5.2 CV F1 UP 0.988 but test F1 DOWN -> OOD split). Resolution = carve-out: route photo-style RGB to patch v2 (0.904 there). Lost cause for retraining on available data."
patch-v2-neutral-selcom,2026-05-30,"patch v2 is identical to bare FT4 on selcom (trained with no CCTV exposure -> votes 'other'); V5 must beat bare, not patch, on this surface - and it does (+1.5pp)",supported,,v5_selcom_patch;v5_selcom_bare;v5_selcom_mlp,,patch-verifier blind spot motivates distillation,confirmed,§13.3
v5-ship-per-frame,2026-05-30,"V5 verifier ships per-frame, not alert-gated: alert-gating saves <0.2 ms/frame but costs -4.0pp Svanstrom F1",supported,,,,,confirmed,§13.7
ir-version-progression,2026-05-30,IR detector improved V2->Final from F1 0.430->0.967 via FP review and split cleanup; v3b ~ Final (numerically indistinguishable on the test split),supported,,ir_final_final;ir_final_v3b;ir_final_v4,,,confirmed,"§4.1. V5 regression (P 0.895→0.768, F1 0.737) root cause: a large batch of new positive data was injected into training all at once instead of through the disciplined per-batch HITL review loop; the unreviewed bulk batch carried unlabelled drones that V5 fired on and was scored against as FP. V6/Final recover via corpus-wide cleanup. Failure mode = bulk ingestion bypassing the review step."
v5-lda-separability,2026-05-30,FT4 fused p3+p5 ROI features are linearly separable: LDA 0.949 binary (drone vs confuser) and 0.954 4-class by confuser category - grounding the V5 verifier in feature geometry,supported,,,,linear separability of detector ROI features,confirmed,"§13.9. 4-class by-category LDA (Drone/Bird/Airplane/Helicopter) acc 0.9538 on n=8949 balanced (Drone 2500/Bird 2211/Airplane 2207/Helicopter 2031); variance LD1 0.434/LD2 0.296/LD3 0.269 -> separation is genuinely 3-D, four distinct clusters (Drone left, Helicopter upper-right, Airplane center, Bird lower). Binary drone-vs-confuser acc 0.9492 on V5 NPZ (n=35277). Detector Yolo26n_selcom_confuser_ft4_1280. CATEGORY SOURCE: Svanstrom by FILENAME prefix at imgsz=1280 (IR_DRONE_/IR_BIRD_/IR_AIRPLANE_/IR_HELICOPTER_), NOT GT class (GT boxes only drones); no IoU/IoP TP filter. Figures docs/analysis/images/v5_lda_multiclass.png + v5_lda_fused.png. Repro: py scripts/visualize_v5_lda_multiclass.py; py scripts/visualize_v5_features.py."
svanstrom-category-in-filename,2026-05-30,"Svanstrom confuser category lives in the filename prefix (IR_BIRD_/IR_AIRPLANE_/IR_HELICOPTER_), NOT the GT class (GT is drone-only); mine confusers by prefix with no IoU/IoP filter",supported,,,,,confirmed,§13.9 methodology; corrects an earlier wrong 'Svanstrom cannot supply confusers' claim
ir-grayscale-fallback,2026-05-30,"IR model on grayscale-RGB matches baseline RGB on the hardest bird-cluttered drone clip (F1 0.837 vs 0.840) while cutting confuser fire rate to ~1/3, despite never seeing visible-light data in training",conditional,MATCHES (not beats) RGB; lowest confuser FPPI (0.158) among usable detectors but drone F1 0.636 is 12.4pp below baseline,vid_drone_ir_gray;vid_conf_ir_gray;vid_drone_baseline,,cross-modal grayscale fallback,confirmed,"CORRECTED 2026-05-30 from §9.4: earlier 'beats every RGB / F1 0.901' used superseded scoring (§9.3). Cross-modal grayscale fallback still validated, reframed."
cascade-confuser-collapse,2026-05-30,the full cascade (RGB->trust classifier->patch v2) collapses Svanstrom confuser FPs ~16149->271 (98.3%) at a 14.4pp drone-recall cost; patch_thr 0.5->0.9 monotonically trades recall for FPs,supported,,,,,confirmed,§7; operating-point choice = recall (defense) vs precision (alarm fatigue)
selcom-ood-confuser-damage,2026-05-30,"selcom fine-tune (selcom_1280) is the WORST RGB on OOD confuser video (frame FPR 59.3% vs baseline 47.5%, retrained_v2 26.4%); fine-tuning to CCTV damages out-of-distribution confuser robustness",supported,,vid_conf_selcom1280;vid_conf_baseline;vid_conf_retrainedv2,,fine-tune OOD-robustness tradeoff,confirmed,§9.4.3
no-pareto-dominance-video,2026-05-30,"on real video no detector Pareto-dominates: baseline best drone-F1 (0.760, FPPI 0.512), IR-grayscale lowest confuser FPPI among usable (0.158), and selcom_640 is the cleanest single point at FPPI<=0.3 (F1 0.730, FPPI 0.260)",supported,,vid_drone_baseline;vid_drone_selcom640;vid_drone_ir_gray,,operating-point / Pareto framing of detector choice,confirmed,§9.4.5; selcom_640 not previously studied
patch-verifier-distribution-bound,2026-05-30,"the patch verifier is severely distribution-bound: it suppresses OOD airplane FPs only 3.1%/1.9% on Roboflow@640 vs ~52% on Svanstrom@1280, and costs net drone F1 at 640; the TRUST CLASSIFIER (not the patch) is the main confuser-rejection lever",supported,,rob_rgb_baseline,,patch verifier is distribution-bound; trust classifier carries confuser rejection,confirmed,"§8.2,§8 reads"
ir-ood-recall-ceiling,2026-05-30,IR YOLO has a hidden OOD recall ceiling: R=0.264 on ir_drone_night and 0.519 on ir_mixed_cbam vs 0.945 Anti-UAV / 0.973 Svanstrom - a thesis limitation,conditional,"ir_drone_night is heavily sensor-augmented (worst-case probe, not a fair OOD test)",,,,confirmed,"§8.3,§8 caveats"
ft4-backbone-freeze,2026-05-30,"FT4 R3 (300 hard-negs, freeze=15, 3 epochs) is the only confuser-injection config passing all regression gates; freeze=15 is necessary AND sufficient to prevent catastrophic forgetting (freeze=12 regresses Svan recall/F1 even at 300 HN); -16pp confuser halluc",supported,,,,backbone-freeze depth controls catastrophic forgetting during hard-negative injection,confirmed,"§[2026-05-27] ft4 ablation; R1/R2 FAIL, R3 PASS; A1-A4 ratio rescue all FAIL"
patch-version-ranking,2026-05-30,patch verifier versions rank v4(0.9331)~=v2(0.9311)>v1(0.9241)>v3(0.8781) on Svanstrom F1; v3 over-aggressive; production ships v2,supported,,patch_v1_svan640;patch_v2_svan640;patch_v3_svan640;patch_v4_svan640,,,confirmed,§6; imgsz likely 640 (§11 open)
patch-catch-below-bar,2026-05-30,baseline RGB x v2 patch catch rates at thr=0.5 are bird 64%/airplane 52%/heli 71% - all below the 0.90 bar; drone-TP veto only 5.4%; misses are 'other'-class crops,supported,,patch_catch_v2_svan,,patch verifier alone insufficient on baseline confuser output; motivates retraining/distillation,confirmed,§6.1
control40-deprecated,2026-05-30,"control_v3more_40feat wins every Svanstrom drone metric at S3 (R0.893 F10.909 vs sa32 0.868/0.896) and ties sa32 on OOD zoo, but loses 18-22pp segment drone F1 on real video; no regime favors it",supported,,svan_s3_control40_thr09;clfzoo_control40;pipe3clf_control40,,,confirmed,"§7,§9.5.8"
cascade-perframe-misleading,2026-05-30,per-frame metrics misrepresent the cascade: classifier stage drops per-frame drone F1 -17 to -18pp for 3/4 RGB variants; only retrained_v2 gains (+1pp),supported,,pipe_vid_baseline_pf;pipe_vid_selcom1280_pf;pipe_vid_retrainedv2_pf,,"segment/alert grain is the production-relevant unit, not per-frame",confirmed,§9.5.2/9.5.6
cascade-segment-recovers,2026-05-30,"at segment grain (+temporal+patch) the cascade recovers classifier-stage loss: baseline 0.760->0.586->0.826; temporal smoother is the load-bearing recovery step, patch veto small",supported,,pipe_vid_baseline_seg;pipe_vid_selcom1280_seg,,temporal voting is the recovery mechanism,confirmed,§9.5.4/9.5.6
cascade-tightens-variance,2026-05-30,the cascade tightens RGB-variant variance: stage-1 F1 spans 15.5pp -> post-cascade segment spans 5.6pp; selcom_1280 confuser FPR collapses 0.709->0.136 (81%) at -0.7pp drone F1,supported,,pipe_vidconf_baseline_seg;pipe_vidconf_selcom1280_seg,,downstream stack absorbs detector variance,confirmed,§9.5.5
three-classifier-realvideo,2026-05-30,"on real video sa32 dominates: highest segment drone F1 for all RGB variants (+18-22pp vs control40, +59-71pp vs fnfn); fnfn rejects 85% of correct drone TPs (seg R 0.128) - too conservative to ship",supported,fnfn valid only when confuser cost dominates and missed drones tolerable,pipe3clf_sa32;pipe3clf_control40;pipe3clf_fnfn,trust-classifier-conditional,Svanstrom classifier ordering predicts real-video; basis for sa32 production flip,confirmed,§9.5.8
cascade-bird-vs-airplane-asymmetry,2026-05-30,cascade value is concentrated on birds (per-frame FP suppression ~80%) but essentially inert on airplanes (sometimes ADDS FPs; segment FPR ~0.21 across all RGB),supported,,pipe_percat_sa32,,cascade handles exactly the category (birds) where detector-level mining hits a wall,confirmed,§9.5.9; strongest argument for cascade design intent
selcom960-cross-surface-winner,2026-05-30,"selcom_960 is the cross-surface drone-first winner (composite rank 2.5): #1 selcom holdout F1 (0.585), #1 Roboflow OOD drone +patch (0.84); NOT in production stack",partial,loses to baseline on Svanstrom medium + clean video; untested in full pipeline,xsurf_selcom_holdout;xsurf_roboflow_drone,,selcom_960 as candidate production RGB - revisit stack,open,§12
selcom1280-bleeds-fp,2026-05-30,"selcom_1280 has highest raw recall but bleeds FPs: Anti-UAV P=0.84 (849 FP, F1 0.902), worst Roboflow confuser FP total (4311 vs hardneg 785); imgsz=640 inference trades recall for far fewer FPs",supported,,xsurf_antiuav_selcom1280,,selcom recall-vs-FP tradeoff is resolution-tunable,confirmed,§12.1
dual-classifier-v3,2026-05-30,"splitting sa32 into a dual architecture (paired 24feat + grayscale 32feat) strictly dominates single sa32: bird-confuser RGB-fallback 0.247->1.000 F1, seagull 0.461->0.942, rgb_test 0.690->0.960, paired core neutral",supported,grayscale-fallback airplane/heli F1 still ~0.50; needs more hard-neg mining,dualclf_v3_vs_sa32,,dual-classifier architecture for missing-modality fallback,confirmed,§[2026-05-26]; leakage fix: seagull held out
embedding-distillation-cv,2026-05-30,YOLO p5 backbone embeddings are highly informative for drone/confuser separation: LogReg 0.71->0.99 F1 with 256 embedding feats; MLP 0.9955 CV; meta-alone already 0.966 (XGB),partial,CV ONLY - Phase 3 held-out test-surface eval not completed (re-run needed),distill_cv_mlp;distill_cv_xgb,,distill YOLO internal features instead of reprocessing pixels (precursor to V5),open,§[2026-05-27]; ancestor of 517-D V5 MLP
v5-selcom-train-deploy-mismatch,2026-05-30,V5's initial selcom collapse (F1 0.243) was a train-deploy distribution mismatch not a feature ceiling: pure-CCTV source recovers to 0.607 (+37pp); the drone-weight bump is redundant once source matches,supported,,v5_selcom_mixed_src;v5_selcom_pure3x5,,train-source distribution match > loss-reweighting for verifier deploy,confirmed,§13.2
latency-edge-unmeasured,2026-05-30,"end-to-end pipeline latency on edge hardware is UNMEASURED (§10 placeholders); only verifier-stage latency measured (V5 1.3-2.1ms/det vs patch 59-112ms, 37-72x faster; V5 PF overhead 1-4% vs patch 48-191%)",partial,verifier-stage measured (§13.7/13.8); full e2e on target hardware not run,,,deployment latency budget,open,§10 + §13.7/13.8
prov-patch-v3-path,2026-05-30,patch verifier v3 weights file path is unknown/deleted - blocks reproducing the v3 0.8781 F1,partial,,patch_v3_svan640,,,open,§11
prov-may10-imgsz,2026-05-30,the imgsz of the May-10 ablation (Anti-UAV + Svanstrom) is unconfirmed (640 vs 1280) - affects comparability of May-10 classifier/patch rows,supported,,,,,confirmed,"CONFIRMED imgsz=640: rgb_only Svanstrom recall=0.0721 in this ablation is the 640 small-drone collapse (1280 would be ~0.959 per imgsz-1280-svanstrom memory). Resolves the IR svan-row label (it is 640, not 1280)."
prov-fnfn-training,2026-05-30,fusion_no_fn_v1.1 training data composition + val accuracy are NOT recoverable - no metrics.json saved at train time,partial,,,,,open,§11; provenance gap on a production-candidate classifier
prov-ir-gray-confuser-src,2026-05-30,IR-on-grayscale-confuser halluc rates (airplane 16.2%/other 22.2% @1280) have source=UNKNOWN,partial,,,,,open,§4 table source UNKNOWN; verify before citing
prov-ir-antiuav-gray,2026-05-30,IR on antiuav_rgb_gray (real R/P with GT) at imgsz 640+1280 is NOT YET RUN (placeholder),partial,,,,,open,§4; the only labeled grayscale-cross-domain dataset
ir-verifier-conditional,2026-05-30,IR confuser verifier (MLP or patch) is net-negative on normal IR surfaces; v3b is already precise so there is no FP headroom -- a verifier helps only in confuser-saturated thermal scenes,conditional,net-negative on ir_dset/ir_video (~-5% recall for <=4 FP even @thr0.05); the only confuser win is CBAM (48->4) but CBAM-train is IN the MLP training (in-domain); on held-out real thermal confusers (ir_video) v3b fires 0 FP -> nothing to cut. So the confuser-dense exception is in-domain-inflated; effectively ship none.,ir_mlp_v5_cbam_thr05;ir_mlp_v5_ir_dset_thr05,ir-grayscale-harvest-solves-thermal-verifier,yes -- symmetric counterpart to RGB V5: verifier value is conditional on detector hallucination rate (RGB raw-F1 0.60 won; IR 0.95-0.96 net-neg),confirmed,SUPERSEDED 2026-05-31 by ir-grayscale-harvest-solves-thermal-verifier: the ship-none conclusion held ONLY for the pure-thermal mlp_v5_ir (trained without confuser data); grayscale-harvest + per-modality alignment yields a DEPLOYABLE thermal verifier (held-out CBAM 48->13 FP at ~0 recall cost). Finding remains valid as stated for the pure-thermal verifier. (MRI in-pool CV verdict is optimistic; use held-out gate eval/ir_verifier_eval.py.)
gray-thermal-alignable,2026-05-31,"The gray<->thermal feature gap in v3b is a trivial per-feature affine offset, not a representation difference -- same neurons fire (drone centroid cos 0.012, act-corr 0.93-0.99); naive cross-modal drone-vs-confuser transfer is chance (AUROC 0.500) but PER-MODALITY z-score rescues it to 0.919 (~thermal ceiling 0.974; CORAL 0.707). So grayscale-harvested confusers CAN substitute for scarce thermal confusers after z-score alignment.",supported,,,,yes -- IR detector was never trained on grayscale; cross-modal feature-space equivalence + alignment is novel and solves thermal confuser scarcity,confirmed,"mri/modality_align.py + mri/modality_probe.py; results mri/results/modality_align,modality_probe. svan+antiuav drones for alignment estimate."
ir-recall-fixed-by-drone-diversity,2026-05-31,"Adding the corrective-set 30k thermal drones (drone-diversity re-mine) makes the IR V5 verifier RECALL-SAFE on held-out thermal (dR ~0 vs old -4 to -6%); the recall loss was OOD-drone coverage, not conf-reliance.",supported,,ir_mlp_dronediv_heldout,,yes,confirmed,"Overnight 2026-05-31. BUT thermal FP headroom ~0 (sea 3/8398, road 0/652, antiuav 68/4269) so recall-safe != useful on plain thermal; pairs with gray-thermal-alignable to get confuser-rich + recall-safe."
ir-grayscale-is-hallucination-mode,2026-05-31,v3b hallucinates ~20x more in grayscale-fallback than thermal (raw halluc 37.2%/img vs 1.8%); a grayscale-mode V5 verifier cuts held-out confuser FP 96% (325->13). IR model was never trained on grayscale so this cross-modal behavior is novel info.,supported,"strong confuser cut, but grayscale drone DETECTION is weak (see grayscale-drone-recall) so it bounds the grayscale deployment mode",,,yes,confirmed,Overnight 2026-05-31; mri/results/ir_grayscale_v5 + ir_grayscale_holdout.
grayscale-drone-recall,2026-05-31,"Grayscale-fallback drone DETECTION beats raw-RGB-into-thermal-model (svan +0.197, rgb_dataset +0.130 recall, validating the cross-modal trick) but absolute grayscale recall is mediocre (0.33-0.65) and well below thermal (0.79-0.98), and surface-dependent (antiuav -0.20).",supported,,,,yes -- grayscale cross-modal info is novel for this IR model,confirmed,eval/gray_drone_effect.py; mri/results/gray_drone_effect. rgb_video 0 recall (known detector blind spot).
ir-mlp-conf-not-loadbearing,2026-05-31,"The IR V5 MLP signal is carried by p3/p5 appearance not detection confidence -- yolo-only CV-F1 0.986 ~= fused 0.987; meta-only 0.946. Dropping conf is a no-op; the recall loss is OOD-drone generalization, not conf-reliance.",supported,,,,,confirmed,CV diagnostic via mri --resume --feature-set on staged ir_v3b_regen corpus. Closed the drop-conf lever (drone-diversity was the real fix).
ir-grayscale-harvest-solves-thermal-verifier,2026-05-31,"Harvesting confusers from the abundant RGB->grayscale corpus and per-modality z-aligning them into thermal feature space yields a DEPLOYABLE thermal verifier that is both confuser-rich and recall-safe: on HELD-OUT CBAM it cuts novel thermal aerial-confuser FP 48->15 (69pct, F1 0.699->0.846, +0.147) at ~0 thermal-drone recall cost (ir_dset -0.007, ir_video/antiuav 0). The old patch verifier cut only 7.",supported,,,ir-verifier-conditional,"yes -- the IR confuser-verifier blocker was confuser DATA scarcity, not the detector; grayscale harvest + domain alignment solves it. Reverses the earlier ship-none verdict.",confirmed,"mri/train_aligned.py + eval/run_aligned.py; mri/results/ir_aligned, ir_aligned_holdout. Caveat: CBAM drone recall -0.050 (novel OOD drone domain); CBAM is the single held-out thermal-aerial confuser set. Numbers reconciled 2026-06-13 to canonical eval ir_aligned_cbam_heldout (was 48->13/73pct/+0.143/ir_dset-0.012)."
ir-features-separable,2026-05-31,"IR detector (finetune_v3b) FPN p3+p5 ROI features (517-D) linearly separate drones from confusers: LDA train separability 0.981, max ANOVA F 5370 (ir_v3b_report; the 15032 value is from the separate ir_v3b_regen run, LDA 0.954), on 14697 drones + 1386 confusers; raw detector halluc 1.8%/img; projected FP cut 89% at 10% recall cost.",supported,Model MRI on mri/results/ir_v3b_report; fused 517-D features,,,yes -- IR half of the feature-distillation result: the confuser-rejection signal already exists inside the IR detector,confirmed,MRI run py -m mri --config mri/configs/ir_v3b.yaml; figures ir_v3b_lda/anova/heatmap/neurons.png
fusion-feature-leakage,2026-05-31,"In the 56-D fusion feature space, scene-statistic features are scene fingerprints (not class signal); a small confidence+geometry+cross-modal core carries the trust signal",conditional,"features mined from selcom_1280 RGB + v3b IR (old detector); screen only, must re-validate on ft4",,,leakage-aware feature-selection statistic F_domain_inclass/F_class confirms lean13/lean17 deprecations quantitatively rather than by hindsight,open,"LDA sep 0.982; rgb_img_std/rgb_img_entropy AUROC 0.50-0.51 but leakage 307-350; robust core (conf_sum, ir/rgb max+mean conf, ir/rgb box geometry, xmodal scale/conf ratio) AUROC>0.9 leakage<0.006. CAVEAT: detection-presence flags rank high but are label-tautological (leakage catches scene not label leakage); signal IR-dominant on antiuav-heavy corpus. script classifier/fusion_feature_stats.py; table feature_stats_ranked.csv; doc docs/analysis/2026-05-31_fusion_feature_leakage_stats.md"
ft4-lean-trust-classifier,2026-05-31,"On the current ft4+v3b detector, a 6-feature trust classifier (confidences+box geometry, no scene/position fingerprints) beats the full 19-feature lean set and is far more OOD-robust",supported,"ft4-mined fusion data, GroupShuffleSplit; antiuav s25/svan s10 screen sample; video_confuser surfaces near-single-class",,,validates leakage-aware feature selection on the production detector: dropping fingerprint features doubles OOD-drone-video F1,confirmed,robust6 F1m 0.810 vs all19 0.787; OOD drone video 0.262(all19)->0.436(no_fp)->0.578(robust6); robust6=rgb/ir max_conf+log_bbox_area+aspect; meta4(4) loses confuser rejection 0.222; sa32 0.949 ref NOT comparable (old detector+scene feats+own split). doc docs/analysis/2026-05-31_ft4_lean_trust_classifier.md; model trust_ft4_robust6.joblib. relates to fusion-feature-leakage
ir-mlp-aligned-warranted,2026-05-31,"Aligned IR verifier (mlp_v5_ir_aligned) is deployable: drone-diversity re-mine + grayscale-harvested confusers z-aligned into thermal feature space yields CBAM held-out F1 0.699->0.846, FP 48->15, recall-safe (dR~0). Reverses the 2026-05-30 ship-none verdict.",supported,,,,cross-modal (grayscale->thermal) verifier alignment,confirmed,"per project_ir_mlp_necessity 2026-05-31; numbers reconciled 2026-06-13 to canonical eval ir_aligned_cbam_heldout (was 0.841/13, now 0.846/15)"
dual-verifier-fusion-rule,2026-05-31,"Two-verifier fusion (RGB mlp_v5 + IR mlp_v5_ir_aligned), TRUST-FIRST order: trust classifier routes (sa32 or its replacement), then the trusted modality's verifier runs (IR always-on, viable because aligned IR verifier is recall-safe). reject_both->drop; trust_rgb->keep iff RGB verifier passes; trust_ir->keep iff IR verifier passes; trust_both conflict resolved by the router's SOFT modality scores: keep iff (s_rgb*p_rgb + s_ir*p_ir)/(s_rgb+s_ir) >= tau. Classifier-agnostic. Single-modality + grayscale-fallback paths run only that modality's branch.",supported,thresholds (tau) + router soft-weight extraction unimplemented; new classifier under eval may replace sa32; weights/paths to confirm,,,trust-router-weighted dual-modality verifier fusion,confirmed,IMPLEMENTED 2026-06-01 in pyside_engine.py: trust-first (classify-then-filter) via _mlp_trust_first + toggle mlp_cascade_order (classifier_then_filter default | filter_then_classifier). Classifier picks trusted modality; MLP verifies ONLY trusted modality; trust re-derived (fully-vetoed trusted modality loses trust). trust_both conflict = per-modality (recall-first OR-survive); cross-modal soft-weight NOT implemented (needs box matching) - optional future. IR aligned + RGB mlp_v5 both ON.
offline-verifier-matrix,2026-06-01,"Offline full-pipeline verifier matrix (1000 strided frames/surface) confirms RGB mlp_v5 and IR aligned_thermal as production, and exposes a grayscale over-veto",supported,ft4 RGB / v3b IR; offline replay from cached 517-D feats; cbam n=180,,,single re-runnable offline harness validating both modality verifiers + the grayscale caveat,confirmed,"RGB: mlp_v5 svan F1 0.613->0.865 halluc 0.449->0.045, confuser 216->16 FP, selcom P0.86->0.95, rgb_dataset recall carve-out R0.89->0.69. IR: aligned recall-safe (ir_dset dR-0.004, ir_video/antiuav neutral) + CBAM F1 0.699->0.846 FP48->15; ir_patch useless/harmful. GRAYSCALE: aligned_gray confuser FP 143->20 (-86%) BUT gray_svan drone recall 0.548->0.164 (over-veto) -> gate/tune, not per-frame. scripts pipeline_cache.py+pipeline_eval_offline.py; doc docs/analysis/2026-06-01_full_pipeline_offline_eval.md"
robust6-production-viable,2026-06-01,"The 6-feature statistically-selected trust classifier (robust6) is a production-viable replacement for the 32-feature sa32: matches in-domain, better OOD, far cheaper",supported,full-pipeline frame-level alert ablation 5000 strided; svan true-thermal IR vs confuser grayscale-fallback IR (modality split caveat); antiuav saturated,,,leakage-aware statistical feature selection (6 vs 32) beats one-shot hand-picked features; basis for a thesis chapter,confirmed,"svan F1 sa32 0.9974 vs robust6 0.9957 (-0.2pp, in-domain sa32 edges); rgb_confuser fire clf_only sa32 0.203 vs robust6 0.143 (robust6 -30pct OOD false alerts), best-composed robust6 0.057 vs sa32 0.066; antiuav robust6 -0.6pp recall. Structural: classifier dominates FP suppression (clf_only svan fire 0.003 vs filter_only 0.065 ~20x); clf+filter complementary on confuser. Order: filter->clf slightly lower FP, clf->filter (trust-first default) more recall-safe, <1pp. Study doc docs/analysis/2026-06-01_statistical_feature_selection_STUDY.md. relates to fusion-feature-leakage, ft4-lean-trust-classifier"
mlp-v5-recall-drop-is-ood-coverage,2026-06-01,"mlp_v5 recall drop is caused by vetoing OOD small real drones (distinct deep-feature signature, far from confusers), not low-confidence or confuser-like detections",conditional,"diagnosed on cached 517-D feats, rgb_dataset_test+svanstrom; LDA=1.0 is high-dim overfit, per-neuron AUROC~0.89 is the honest signal",,,"MRI statistics localise the recall drop and prescribe the fix (targeted drone-diversity re-mine, low-FP because far from confusers) and explain why untargeted remine_rgb failed",confirmed,"DIAG: vetoed drones NOT low-conf (conf delta 0), smaller (log_area delta +0.1-0.19), OOD far from confusers (centroid 16.48 vs kept 11.05, AUROC 0.876>=0.862). FIX TESTED pre/post (eval_failopen_prepost.py, tau=5pct leak on rgb_confuser): CONDITIONAL not universal. rgb_dataset_test mlp_v5 R0.694 F1 0.812 -> +failopen R0.870 F1 0.912 (recovers, +10 FP). BUT svanstrom +failopen precision CRATERS 0.887->0.631 (FP 45->211) because svan clutter FPs are OOD-from-rgb_confuser-calib -> wrongly released. Single global OOD tau does NOT transfer across surfaces. REVISED REC: size-aware threshold (log_area clean, no blanket release) or targeted dronediv re-mine > blanket fail-open; fail-open ok only with per-surface tau / low-clutter data. hook pyside_engine _mlp_gate_open. figs failopen_*.png. doc docs/analysis/2026-06-01_mlp_v5_recall_drop_mri.md"
grayscale-trust-classifier-degrades,2026-06-01,On the grayscale-IR fallback path the fusion trust classifier degrades recall; the MLP filter alone is best on grayscale,conditional,5000-frame ablation; classifier trained on thermal-IR features mis-routes on grayscale-IR; clean evidence = svanstrom_gray (NOT selcom),,,grayscale fallback needs a grayscale-aware trust classifier or classifier bypass; mlp filter alone best on grayscale,confirmed,"CLEAN EVIDENCE svanstrom_gray: filter_only[mlp] F1 0.891 R0.87 (best); clf_only sa32 R0.63/robust6 R0.60; clf->filter[sa32,mlp] 0.74. filter->clf craters on gray (sa32 R0.228) -> trust-first order required. CAVEAT: selcom_val classifier R->0.044(robust6)/0.265(sa32) is an OUTLIER, take with grain of salt -- selcom is doubly-OOD: hard RGB even RGB detector struggles (bare R0.49, needs imgsz960) AND grayscale-IR fallback never seen by IR/aligned model. native svan filter[mlp] 0.964 > gray 0.891. eval/overnight_ablation_full.py"
mlp-beats-patch-both-modalities,2026-06-01,The MLP/aligned verifier beats the patch verifier as the filter on every surface and both modalities,supported,"5000-frame comprehensive ablation, frame-level alert",,,patch verifier superseded by mlp/aligned as the filter stage,confirmed,"svan filter F1 patch 0.874 vs mlp 0.964; rgb_confuser FP patch 754 vs mlp 121; cbam F1 patch 0.658 vs aligned 0.821; ir_dset patch 0.969 vs aligned 0.986. robust6 wins OOD confuser (filter->clf mlp fire 0.0186 vs sa32 0.0277), sa32 wins in-domain svan (0.9974 vs 0.9957). eval/overnight_ablation_full.py"
robust6-grayscale-ir-features-dead,2026-06-01,"On grayscale-IR fallback, all 3 of robust6's IR features AND the cross-modal ratios go to chance (AUROC~0.51); only RGB features + conf_sum survive. robust6's grayscale recall hole is dead IR inputs, not a missing feature.",supported,,,,Statistics-first regime-split proves grayscale fix is architectural (regime routing) not a new feature; conf_sum is the only regime-robust cross-modal feature,confirmed,"Phase0 on fusion_dataset_full56.csv (thermal 56713/gray 8479). ir_max_conf 0.973->0.525, ir geom 0.97->0.516, xmodal_conf_ratio 0.915->0.506, xmodal_scale_ratio 0.913->0.501. SURVIVE: conf_sum 0.982->0.944, rgb_max_conf 0.749->0.905. REFUTES H2. Held-out grouped-LDA +conf_sum delta +0.0000 (linearly redundant). Decision: add conf_sum (robust7) + regime-route to RGB-only/filter-only on gray. trust_rgb only 4%. routing drivers=diff feats not ratios. doc docs/analysis/2026-06-01_robust6_phase0_results.md. relates grayscale-trust-classifier-degrades, robust6-production-viable, fusion-feature-leakage"
verifier-recall-precision-decision,2026-06-01,"Ship mlp_v5 full-veto: the verifier recall drop is a still-image carve-out (video frame-recall ~1.0), no runtime fix works, diverse training data is the only lever",supported,diagnosis+4 fix experiments on cached surfaces; svan video frame-recall ~1.0; rgb_dataset still-image frame R 0.93->0.84,,,negative-result chapter: OOD coverage gap diagnosis + why fail-open/re-weight/temporal/expanded-ref do not solve it -> data is the lever,confirmed,"fail-open recovers rgb_dataset R0.69->0.87 but craters svan P0.89->0.63; expanded-ref recovers half (P0.49->0.61@R0.90, vs fullveto 0.88); reweight no-op (43/19k); temporal -0.008 (systematic veto); size-aware mild R0.69->0.73. doc docs/analysis/2026-06-01_verifier_recall_precision_investigation.md"
verifier-score-as-classifier-feature,2026-06-01,"The verifier P(drone) (MLP on YOLO P3/P5 backbone) is a strong, non-redundant trust-classifier feature on the RGB branch (AUROC 0.949 vs raw conf 0.842, +0.107 significant); the IR verifier is weak (thermal 0.60-0.76, gray 0.618). Grayscale is fixed via the always-available strong RGB verifier signal, NOT by rescuing the dead IR branch.",supported,,,,Cross-branch use of the backbone-hooked verifier as a fusion-classifier feature; the RGB verifier score is the regime-robust signal that lets the classifier trust RGB when IR features die on grayscale,confirmed,"Detection-level AUROC on offline caches (6167 dets, zero-GPU). RGB mlp_v5 0.949 [0.939,0.957] vs conf 0.842, lift +0.107 CIs disjoint, rho 0.64 (non-redundant); svan confuser-rejection 0.970. thermal-IR aligned 0.813 pooled but 0.60-0.76 per-surface, neg pool only 97. gray-IR aligned_gray 0.618 [0.571,0.664] BEATS chance-level conf 0.535 (confirms ir_max_conf gray collapse) but weak; gray lift CIs slightly overlap (indicative). CAVEATS: pooled>per-surface ~0.05-0.10 cross-surface inflation; mlp_v5 in-sample risk on selcom/svan -> Phase1 grouped-CV is real test; gray n=562 small. Verifier-as-FEATURE preserves classifier->filter order (score=evidence not a filter decision). Phase1 sets: robust6+conf_sum(+rgb_verifier)(+ir_verifier); needs one-time P3/P5-hook pass over lean_ft4 frames. doc docs/analysis/2026-06-01_verifier_as_feature_phase0.md. relates robust6-grayscale-ir-features-dead, robust6-production-viable, mlp-beats-patch-both-modalities"
routing-failure-is-trust-rgb-recall,2026-06-01,"Under the goal-aligned per-class-by-regime metric, robust6's real failure is trust_rgb RECALL, catastrophic on grayscale (R=0.19): drone-only-in-RGB frames get dumped into reject. trust_both (F1 0.98) and thermal trust_ir (0.92) are fine. conf_sum (max+max) is redundant.",supported,,,,Reframes the trust classifier around modality-routing accuracy by regime; locates the grayscale over-rejection as a trust_rgb recall failure -> motivates the RGB verifier score as a targeted feature,confirmed,"robust6 GroupShuffleSplit: trust_rgb overall P0.771 R0.351 F10.482; GRAYSCALE trust_rgb P1.000 R0.190 F1.319 (n=79); grayscale reject P0.440 (half its rejects are real drones). thermal trust_rgb R0.520. trust_both F1 0.981; thermal trust_ir F1 0.918; grayscale trust_ir n=12 DATA-STARVED (62 total). robust7(+conf_sum) macroF1 0.807 vs robust6 0.810 -> conf_sum max+max redundant (retracted). LEVER: rgb_verifier_pdrone (AUROC 0.949, always-available) predicted to lift grayscale trust_rgb recall. docs/analysis/2026-06-01_routing_robustness_replan.md. relates robust6-grayscale-ir-features-dead, verifier-score-as-classifier-feature, robust6-production-viable"
blurriness-is-corpus-artifact,2026-06-02,"rgb_blurriness (the forward-sweep's top pick) is a CORPUS ARTIFACT: pooled AUROC 0.872 but within-source mean 0.516 (chance; every video_drone clip exactly 0.500, antiuav 0.419). Its gain is cross-clip (which video) not drone-vs-reject. REJECTED. Within-source AUROC catches what leakage_ratio (0.058) missed.",supported,,,,Method refinement: within-source AUROC is a complementary artifact test to leakage_ratio (leakage measures within-class variation; the artifact was a cross-clip mean shift). MI(nonlinear) surfaced free cross-modal diff features (area_diff/conf_diff/pos_euclidean_diff) as untested high-value candidates.,confirmed,"vet_blurriness_stats.py on full56. Spearman: blurriness weakly corr with all cheap feats (|r| 0.13-0.35) so no single substitute, but moot (drop it). MI top free non-robust6: area_diff 0.43, pos_euclidean_diff 0.39, conf_diff 0.37; blurriness MI rank 23/56. Added within-source artifact gate (artifact_min 0.55) to forward_select_routing.py -> re-running gated. plots blurriness_artifact_test.png, fusion_mutual_info.png. relates robust6-grayscale-ir-features-dead, fusion-feature-leakage, routing-failure-is-trust-rgb-recall"
forward-selection-free-xmodal-diffs-win,2026-06-02,"Statistics-gated forward selection from robust6: FREE cross-modal difference features (pos_euclidean_diff, area_diff) beat expensive scene features on grayscale routing (gray F1 0.36->0.61, +0.25 truly-free). But grayscale trust_rgb recall only 0.08->0.19 -> the specific trust_rgb hole needs the RGB verifier score, not these features.",supported,,,,"Forward-selection procedure with 3 statistical gates (leakage, within-source-AUROC artifact gate [new], cost). pos_euclidean_diff = free RGB-IR centroid-disagreement feature is the standout. Scene features were an artifact local optimum. Overall grayscale F1 != the trust_rgb hole.",confirmed,"full56 OLD detector, 22k subsample, GroupShuffleSplit. robust6 base gray F1 0.361 trust_rgb_R 0.083. free-only winner robust6+rgb_mean_conf+pos_euclidean_diff(+contrast_diff/bg_delta_diff which leaked the free filter, ROI-derived) gray 0.61-0.68 CI[+0.037,+0.368] wide. artifact-gated +0.135 (sky_ground_ratio expensive); un-gated +0.18 rode blurriness artifact. CARRY to ft4 re-mine: robust6 + pos_euclidean_diff + area_diff + aspect_ratio_diff + rgb_mean_conf + rgb/ir_verifier_pdrone; drop conf_sum + all scene stats. doc docs/analysis/2026-06-02_forward_selection_study.md. relates blurriness-is-corpus-artifact, routing-failure-is-trust-rgb-recall, verifier-score-as-classifier-feature"
ir-verifier-neutral-on-svanstrom,2026-06-02,"On Svanstrom (IoP, v3b @640), the IR aligned-MLP verifier is exactly recall-neutral (bare == aligned: P0.94/R0.97/F10.95); the patch CNN slightly costs recall (R0.97->0.94). IR is already clean on Svanstrom, so the verifier earns its keep only on confuser-dense thermal (CBAM FP 48->15). Contrasts RGB, where the same MRI-MLP rescues Svanstrom P0.46->0.89 and cuts confuser FP 216->16.",supported,,svanstrom_ir_aligned,,"Verifier matrix / Model-MRI: quantifies the RGB-vs-IR asymmetry (RGB needs the FP classifier, IR does not on clean surfaces) on one consistent re-runnable harness.",confirmed,"Source: eval/pipeline_eval_offline.py offline matrix, 1000 strided frames/surface. svanstrom_ir surface registered permanently in eval/pipeline_cache.py. relates project_ir_mlp_necessity, project_pipeline_useful_when."
mlp-feats-need-f32,2026-06-03,"V5 MLP verifier features must be scored/stored in float32; float16 caching saturates P(drone) to exactly 0.0000 for EVERY detection (the input scaler divides by tiny per-feature std, so f16 rounding is amplified to net saturation). imgsz is NOT the cause: f32 mlp_v5 gives P0.99 on Anti-UAV at both 640 and 1280.",supported,,,,,confirmed,"Bit eval/pipeline_cache_paired.py v1 (cached feats as f16) -> all-zero RGB filter across the Anti-UAV/Svan email recompute. Fix: store f32 + precompute P(drone) at cache time. PySide GUI unaffected (scores live in f32, any imgsz). Svan still needs imgsz 1280 (f32@640 -> P0.04, drones unresolvable)."
email-recompute-robust6-mlp,2026-06-04,"Supervisor-email 3-domain pipeline recomputed with the NEW stack (ft4+v3b detectors, robust6 classifier, V5 MLP filter) under trust-aware scoring. FILTER is a clear win: Svan rgb_filter F1 0.699->0.869 (+17pp, both P+R up), ir_filter +1.4pp. robust6 classifier is -1 to -3.4pp vs old fusion_no_fn on paired classifier configs (Anti-UAV 0.9818 vs 0.9916; Svan 0.9594 vs 0.9937) - its value (OOD-confuser FP) is not visible on these saturated/in-domain benchmarks.",supported,,,,yes,confirmed,scoring=trust_aware (eval/metrics.py score_trust_aware); f16->f32 cache bug fixed (see mlp-feats-need-f32). cache eval/results/_email_recompute; scripts pipeline_cache_paired.py + pipeline_eval_paired.py. Whole-path comparison (detector+clf+filter all change).
mlp-filter-beats-cnn-ood,2026-06-04,"On OOD confusers the V5 MLP filter beats CNN patch v2 at confuser suppression (filter-isolated, same ft4/v3b detector). RGB image confusers (rgb_confuser): MLP 78-99pct vs CNN ~52pct ceiling. RGB video confusers: MLP 90pct@0.5 / 99pct@0.95 vs CNN cap ~55pct (helicopters CNN 30pct vs MLP 84pct). IR OOD (domain-3): MLP recall-safe (keeps 99.6pct drones) vs CNN suppresses 81pct but kills 68pct of drone dets. MLP Pareto-dominates on Svan rgb_filter (+24pp recall at matched suppression).",supported,,,,yes,confirmed,"sweeps: eval/sweep_email_thresholds.py, sweep_rgb_filter_ood.py, eval_rgb_video_ood.py, eval_youtube_ir_filter.py. CNN patch v2 caps low on OOD; MLP recall cost steeper only on rgb_dataset_test (V5 photo-ceiling) + hard moving-drone video."
robust6-speed-feature-efficiency,2026-06-04,"robust6 (6 free conf+geometry feats) is 404x faster/frame than fusion_no_fn (40 feat): 0.095 vs 38.3 ms/frame. Gap is feature extraction (fusion_no_fn OpenCV scene stats 38ms vs robust6 geometry 0.010ms); XGBoost predict equal (~0.09ms). robust6 matches sa32 in-domain (Svan F1 0.9957 vs 0.9974 = 99.8pct) and generalises better OOD (confuser fire -30pct, drone-video F1 2.2x). Justified by AUROC (keep 0.95+, drop scene 0.50) + leakage F_domain/F_class (keep ~0.002, drop ~300). V5 MLP filter ~11-72x faster/det than CNN patch (0.11ms forward vs 23.7ms; full ~1.3-2.1ms incl ROI-pool).",supported,,,,yes,confirmed,"eval/bench_speed.py (classifiers CPU, filters GPU). Feature stats: 2026-06-01_statistical_feature_selection_STUDY.md."
scoring-rule-swing,2026-06-05,Scoring rule (dual vs trust-aware) drives a ~28pp F1 swing on Svanstrom over identical detections (same TP/FP; dual scores single-modality dets as FN),supported,Svanstrom IoP@640 May-10 ablation 2026-05-10T16-08-14; classifier_then_filter cascade,,,yes,confirmed,dual F1 0.6629 (P0.9789 R0.5011) vs trust_aware 0.9398 (P0.9789 R0.9036) = +27.7pp [classifier_then_filter; matches thesis 0.663/0.940]. Plain classifier config 0.6718 vs 0.9496 = +27.8pp. Source eval/results/_ablation/2026-05-10T16-08-14/master.csv E_scoring branch. Resolves clm-scoring-28pp + review row_9.
robust8-grayscale-router,2026-06-05,"robust8 (= robust6 + rgb_mean_conf + is_grayscale, 8 free conf+geometry feats) closes robust6 grayscale trust_rgb hole via a per-class trust_rgb decision threshold. Full-pipeline clf->filter on svanstrom_gray: recall 0.577->0.738 (tau0.10) / 0.681 (tau0.20) at ~unchanged precision 0.91, thermal F1 tie ~0.98, AND lower rgb_confuser FP (0.020->0.013). Cost: video-confuser fire-rate up ~7-10x (0.006->0.046-0.061) + slight video_drone recall drop - structural and tau-robust (rgb_mean_conf reads as drone on svanstrom but confident bird/plane on real-motion video). Mechanism: argmax suppresses the rare trust_rgb class; rgb_mean_conf separates drone-from-confuser at AUROC 0.934 on the IR-blind XOR slice; the threshold cashes that separability into recall.",partial,"full-pipeline 4000 frames/surface, ft4 RGB + v3b IR, mlp_v5/aligned verifiers, clf->filter cascade",svan_gray_robust8_t10_clffilter;svan_gray_robust8_t20_clffilter;svan_gray_robust6_clffilter;video_confuser_robust8_t20_clffilter;video_confuser_robust6_clffilter,,yes,confirmed,"Recommend ship robust8@tau0.20 (single balanced model) OR per-source routing (robust6 on real video, robust8 on svanstrom/paired). Supersedes the mid-investigation ""free features exhausted -> need verifier"" framing (that measured argmax recall, not separability); verifier re-mine now optional polish. sa32 worst on confuser FP (deprecated confirmed). Docs: docs/analysis/2026-06-05_routing_grayscale_hole_resolved.md, eval/results/_routing_pipeline_cmp/comparison.md."
robust8-full-pipeline-cmp,2026-06-09,"Full production-stack pipeline comparison (ft4 RGB + v3b IR + robust8 classifier + mlp_v5/mlp_v5_ir_aligned verifiers) across 6 surfaces, all cells (bare/filter_only/clf_only/clf->filter/filter->clf) on identical frames per surface. clf->filter robust8@0.20: Svanstrom F1 0.988, Anti-UAV 0.970, svanstrom_gray 0.78, video_drone(frame) 0.631; confuser fire rgb_confuser 0.013 (filter->clf 0.004), video_confuser 0.046. sa32/robust6 in same run for reference.",supported,"n=4000 strided/surface (Svan stride~7, Anti-UAV stride~21) -- NOT the thesis standard (svan_iop_1280_s9 n3190 / antiuav_iou_640_s5); internally comparable ONLY; re-run at standard before thesis use",,,,open,"script eval/compare_routing_pipeline.py; cache eval/results/_routing_pipeline_cmp/comparison.{md,json}; 2026-06-09 run reproduced 2026-06-05 numbers (det cache warm). Indexed in knowledge/THESIS_EVAL_LEDGER.md (Stage 2/3)."
mini-offline-verifier-matrix-1k,2026-06-09,"MINI (n=1000, NON-STANDARD triage) offline verifier matrix with the SINGLE aligned IR verifier: (1) single aligned verifier is RECALL-SAFE on grayscale drones -- gray_svan R 0.548->0.505 vs dedicated mlp_aligned_gray 0.548->0.164 over-veto -- so it can run per-frame on grayscale; grayscale-confuser FP 20->68 (the trade). (2) On the NEW rgb_bird_confuser, patch_v2 (129 FP, -72%) BEATS mlp_v5 (199 FP, -57%) -- counter to mlp>patch on rgb_confuser (216->16 mlp vs 104 patch). (3) NEW thermal IR_confusers (real OOD): bare 0.288 FP/img -> aligned 0.220 (-24%), real headroom unlike in-domain cbam.",supported,"MINI n=1000 strided, NON-STANDARD (THESIS_EVAL_LEDGER); triage only; superseded by full standard run",,,,open,"cache eval/results/_offline_pipeline/offline_eval_results.md (2026-06-09); scripts pipeline_cache.py + pipeline_eval_offline.py (gray variant now ALIGNED_THR). NEW surfaces ir_confusers, rgb_bird_confuser."
mini-routing-scorecard-1k,2026-06-09,"MINI (n=1000, NON-STANDARD triage) full-pipeline routing scorecard, EVAL-ONLY (shipped robust8@0.20 LOADED not trained), single aligned IR verifier for grayscale+thermal, 5 dataset surfaces (no videos). clf->filter production cascade: robust8@0.20 WINS overall -- grayscale-drone recall 0.689 (vs sa32 0.608 / robust6 0.581), RGB-confuser fire 0.044 (vs 0.049/0.053), thermal F1 0.979 (vs 0.982/0.981, negligible cost). The aligned-verifier-for-grayscale change lifted grayscale recall to 0.689 (vs 0.575 under the old per-mode gray verifier). CARVE-OUT: rgb_bird_confuser stays HARD -- bare fire 0.628 -> robust8 cascade 0.198 (filter->clf 0.126); sa32 barely suppresses birds (0.486).",supported,"MINI n=1000 strided, NON-STANDARD; triage only; eval-only on shipped robust8; superseded by full standard run",,,,open,cache eval/results/_routing_pipeline_cmp/comparison.md (2026-06-09 19:28); eval/compare_routing_pipeline.py now loads shipped robust8 + gray->aligned. Supersedes train-based n=4000 numbers in robust8-full-pipeline-cmp.
rgb-collapse-ood-specific,2026-06-10,"retrained_v2 recall collapse is OOD-SPECIFIC: in-domain on its own RGB test split @640 it ties baseline/ft4 (F1 0.949 vs 0.942/0.929), but collapses out-of-domain (Svanstrom IoP 0.462 R=0.306; selcom CCTV IoP 0.007 R=0.003). In-domain model selection would pick the detector that fails in deployment -> the precision pipeline exists to recover this.",supported,,rgb_rgbds_baseline;rgb_rgbds_retrainedv2;rgb_svan_baseline;rgb_svan_retrainedv2;selcom_retrainedv2_1280,,Part-A->B: in-domain selection misleads -> motivates pipeline (C1),confirmed,2026-06-10 RGB Part-A top-up; eval_model.py reproduced baseline selcom 0.1453 == recorded 0.145 (harness validated)
tier1-standard-frozen,2026-06-11,Tier-1 even-strided unified-cache numbers are the FINAL thesis numbers; all 13 surfaces replayed with CIs; thesis fully rewritten on them (116pp clean),supported,tier1_unified config; ft4+v3b conf 0.25,tier1_svan_composed;tier1_antiuav_composed;tier1_rgbconf_pipeline,,yes,confirmed,svan 0.742->0.949 recall-raised; abstract+Ch1+Ch4+Ch5 quote these cells
composed-rgbconf-0p15pct,2026-06-11,Router+verifier composition fires on 0.15pct of RGB confuser frames (4/2633) vs 30.4pct bare - beats old fnfn record 0.8pct at standard config,supported,tier1_unified @640,tier1_rgbconf_pipeline,,yes,confirmed,
gray-conversion-load-bearing,2026-06-11,Grayscale conversion is the load-bearing step of cross-modal transfer at benchmark grade: v3b on svan rawRGB F1 0.187 vs gray 0.580 vs dedicated RGB 0.607,supported,svanstrom n=4000 s7; rawrgb control surface,tier1_gray3way,,yes,confirmed,
gate-position-lesson,2026-06-11,On fully-OOD video the gate POSITION matters more than the gate: per-frame verifier veto (benchmark-tuned thr) over-vetoes OOD drones (window R 0.39-0.44) while router-only cuts fire 71-77pct at 10-17pp F1; predecessor ALERT-GATED veto gained F1 on same surface -> deployment routes per-frame + verifies at alert gate,supported,video_temporal_2of3,temporal_video_production,,yes,confirmed,"Thr sweep DONE (video_thr_sweep_2026_06_11): cost is structural - drone probs smear across [0.01,0.25); near-zero thr makes per-frame verifier ~recall-free on top of router but marginal (fire -7-9pct rel); alert-gate remains the recall-preserving placement"
thermal-confusers-resist,2026-06-11,IR_confusers (Roboflow thermal; airplane-dominated) resist the pipeline: best composed cut -39pct (robust6 0.179) vs -99.5pct on RGB confusers; airplane gap is cross-modal and data-bound,supported,tier1_unified; n=4000 of 5237,tier1_irconf_pipeline,,yes,confirmed,
recall-plus-filter-ood-mode,2026-06-11,"Lowering RGB detector conf (0.25->0.05) + mlp_v5 filter is an OOD/hard-domain operating mode: +10.1pp F1 on selcom (0.591->0.692, recall +22.7pp, filter recall-transparent there) while staying confuser-safe (45 FP vs 29); it does NOT generalize - in-domain RGB loses 12.5pp (v5 carve-out), IR cannot lower (thermal filter too weak, FP +82%), Anti-UAV pipeline saturated at defaults, aligned_gray over-vetoes gray drones at every conf (R 0.62->0.075, matches Tier-1)",conditional,floor-0.05 re-detect cache (no patch); conf grid 0.05-0.50; shipped verifier thrs rgb 0.25/ir 0.05/gray 0.25; robust8 tau 0.20; trust-aware on paired; bootstrap CIs; replay reproduces Tier-1 exactly at 0.25 floor,selcom_confsweep_lowconf_mlp;antiuav_confsweep_pipeline;rgb_confuser_confsweep_lowconf;ir_confsweep_lowconf,,verifier-enabled low-conf operating mode (OOD recall recovery),confirmed,"Full grid: thesis_eval/results/conf_sweep/conf_sweep_results.md; analysis: docs/analysis/2026-06-11_conf_sweep_recall_plus_filter.md; selcom CI caveat: best [0.654-0.730] vs default-filtered [0.551-0.659] marginal overlap, vs default-bare clean"
routing-beats-single-modality-coverage,2026-06-11,"Under coverage scoring (every modality GT counts, misses=FN) dual-sensor routing beats either single modality decisively on Svanstrom: rgb_only F1 0.4579 / ir_only 0.6316 / routed[robust8]+filter 0.9206; routing also beats unrouted both+filt (0.9071). Anti-UAV no-harm (0.9728->0.9733)",supported,,notes_m_ab_svan;notes_m_ab_antiuav,,yes,confirmed,RQ3 answer at the hardware level; complements (does not replace) the trust-aware headline numbers
rgbtest-carveout-small-drone,2026-06-11,"The mlp filter's rgb_dataset_test regression is concentrated on small drones: <16px R 0.7824->0.2562, 16-32px 0.8649->0.4465, 32-64px 0.9359->0.8291, >=64px unaffected 0.9555->0.9506",supported,,notes_per_size_all,,yes,confirmed,explains the known -11.7pp carve-out; ties to resolvable-floor story
confuser-fp-background-invariant,2026-06-11,"RGB confuser hallucination is background-invariant on Svanstrom (fire 65-74% across sky/horizon/ground sequence backgrounds): the confuser object, not the scene, drives FP. Drone recall does dip on pure-sky sequences (0.827 vs 0.944 horizon)",supported,,notes_failure_profile,,yes,confirmed,"coarse 3-class manual seq-level tags (282 seqs, 1 annotator); supports confusers-are-the-located-problem framing"
antiuav-not-clean-but-survives,2026-06-12,"The 'Anti-UAV cascade numbers are fully clean' claim was FALSE: IR train holds 22,603 eval-release frames (30/90 eval segments, 6.3% exact) and the router was mined from the eval test dir (61/90 segments). But conclusions survive: det-clean replay 0.975 bare / 0.985 pipeline matches headline; cascade-clean 0.964->0.975.",supported,"tier1 cache replay, sequence-level clean subsets",leak_auv_detclean,,,confirmed,thesis sec:svanstrom_audit rewritten as component x surface overlap matrix
svan-ir-inflation-measured,2026-06-12,Svanstrom IR-side in-distribution inflation measured: v3b own-GT F1 0.940 -> 0.862 on the 52 sequences with zero frames in IR train (37.3% of eval frames are exact train images). Pipeline robust: 0.696->0.929 on clean seqs vs 0.949 headline.,supported,"tier1 cache replay, det-clean sequence subset n=767",leak_svan_detclean,,,confirmed,upper-bound caveat now quantified at ~8pp; headline framing keeps full-surface numbers with 2pp grain-of-salt note
cbam-ab-confounded,2026-06-13,"The dronediv-vs-aligned A/B on held-out CBAM-valid (180 frames; mri/results/ab_dronediv_cbam, ab_aligned_cbam) is CONFOUNDED and cannot isolate the grayscale-harvested confusers' contribution to the THERMAL filter: dronediv (mlp_v5_ir_dronediv) trained on CBAM-train drones (ir_dronediv_train.yaml main_class:1) while the aligned net held CBAM out entirely (train_aligned.py), so dronediv's better CBAM-valid numbers (FP 47->12 R0.983 F1 0.901 vs aligned 47->15 R0.917 F1 0.846) reflect CBAM-domain exposure + small-n, not grayscale-vs-thermal confuser quality. Aligned arm reproduced its canonical 0.786/0.917/0.846 FP->15 (harness valid).",conditional,"clean A/B = retrain aligned-minus-gray (train_aligned.py --no-gray; thermal drones + ~1800 thermal confusers, CBAM excluded) and score vs aligned on CBAM-valid; NOT run (user declined retrain 2026-06-13)",,,,open,"Thesis reframed 2026-06-13 (round6 note1): dropped the scarcity / 'grayscale supplied what thermal data could not' claim in methodology 3.8.8 + empirical; grayscale framed descriptively as enabling the single dual-path net (one net/two scalers) + supplying the grayscale path. Artifacts: mri/configs/ab_cbam_heldout.yaml, mri/results/ab_{dronediv,aligned}_cbam/holdout.json."
dut-resolution-pipeline,2026-06-13,"On DUT-Anti-UAV test (test split): imgsz 960 beats 640 across the board (recall-driven: ft4 R .783->.854, gray-IR R .419->.496). Trust routers on this confuser-free small-drone set: robust8 ~neutral (960 F1 .758->.763 via precision; over-rejects at 640 .704->.688); robust6 is a NET LOSS at both res (960 .758->.689, 640 .704->.627) -- over-rejects real drones with no FP payoff (no confusers to suppress). mlp/patch verifier filters are a pure recall tax here.",supported,DUT test; RGB in-domain / gray-IR cross-domain; IoU@0.5; n=2200,dut_ft4_rgb_960;dut_ft4_rgb_640;dut_v3b_gray_960;dut_v3b_gray_640,,resolution sensitivity + classifier/verifier earn-their-keep boundary on an external RGB benchmark,confirmed,full ablation incl robust6 + filt->clf cascade: thesis_eval/results_dut/tier1_screening_results.md
dut-recall-router-scan,2026-06-14,"On DUT-Anti-UAV test (grayrgb_paired; RGB strong, gray-IR weak), the recall-maximising trust router is robust_mf_f8_bal (f8, tau=0.1): R .763/F1 .819 @960, R .683/F1 .769 @640 -- beats every other router AND the no-classifier bare ceiling (R .675/.601) because routing to trust_rgb drops the weak gray-IR modality's GT from the trust-aware denominator. 2nd new_router(=robust8@tau0.10) R .706 P .910; then robust8@.20 .665, sa32 .642, robust6 .572, retrained_v2_32feat .277. Routers needing >f8/f32 feats (lean*, control40, optimal_v1, all56, split_v1-paired) not zero-GPU testable.",supported,DUT test; clf-only (no verifier); IoU@0.5; n=2200; zero-GPU cache replay,dut_ft4_rgb_960;dut_v3b_gray_960,,trust-aware recall is not bounded by always-both: down-routing the weak modality raises it,confirmed,"scan: thesis_eval/scan_routers.py on dut_antiuav_{960,640}.pkl"
reject-floor-recall-recovery,2026-06-14,"A single global reject-probability floor x=0.80 on robust8 (honour reject only if P(reject)>=0.80, else route to next-best single modality + that modality's filter), applied identically to every surface, recovers marginal-drone recall where the router over-rejects (DUT R 0.575->0.607, F1 0.701->0.723) while leaving IR-dominant Svanstrom (0.949->0.948) and saturated Anti-UAV (0.984) within 0.1pp; bounded confuser cost (RGB fire unchanged 0.0015; IR +0.9pp 0.217->0.226). One number across all 4 ablation tables.",supported,"robust8 tau=0.20; clf->filt order; per-modality scoring; reject-floor x=0.80 chosen on the test surfaces -> reported as a sensitivity/operating-point arm, not a retuned production point (shipped cell stays clf->filt[robust8])",,,"SUPERSEDED 2026-06-14 (removed from thesis): the rej>=0.8 sensitivity arm is replaced by the shipped no-reject robust8-nr (ledger noreject-router-over-reject), the cleaner treatment of reject over-rejection",confirmed,"zero-GPU replay via pipeline_eval_unified.py reject_floor_labels(); rows merged into tier1_results.json + results_dut after parity check (merge_rf_cell.py, diag_noreject_router.py in ES_Drone_Detection); ties to dut-resolution-pipeline"
filter-threshold-sweep,2026-06-14,"Per-filter detection-level P(drone) sweep (true-drone dets vs confuser dets, zero-GPU): RGB mlp_v5 shipped 0.25 is near-optimal (F1 0.976 vs 0.984 max at ~0.05-0.08, curve flat); IR-thermal aligned F1 is flat 0.939-0.944 across ALL thresholds (filter barely separates thermal confusers = airplane gap), shipped 0.05 just maximizes recall; grayscale aligned_gray shipped 0.25 OVER-VETOES (drone recall 0.467, drops ~half), F1-max at 0.02 lifts recall 0.467->0.710 / F1 0.632->0.788 at confuser FP 21->198",supported,"detection-level pooled PR F1 (POS=GT-matched drone dets on svan+antiuav+dut+ir_dset/svan_gray; NEG=matching confuser surface); pool recall-weighted so t* skews low; diagnostic only, shipped thresholds UNCHANGED",,,not in thesis (diagnostic); informs that grayscale filter threshold is the one mis-set for recall,confirmed,ES_Drone_Detection/diag_filter_sweep.py via batch_probs + metrics.score_detections_detailed; ties to ir-mlp-necessity (thermal airplane gap) + grayscale-drone-recall
noreject-router-over-reject,2026-06-14,"A NO-REJECT 3-class trust router (robust8 recipe, reject class removed, verifier does FP rejection) beats shipped robust8 on MEAN drone-surface F1 (clf-only 0.832 vs 0.754; clf->filt 0.834 vs 0.733): robust8's reject OVER-rejects real drones on drone-positive surfaces -- rgb_dataset_test F1 0.551->0.926, selcom_val 0.220->0.591, dut960 0.763->0.860, video_drone 0.566->0.734, ir_dset_final 0.935->0.961. robust8's reject ONLY wins on confuser-rich svanstrom (0.941 vs 0.756; with verifier 0.949 vs 0.930), where learned reject beats the verifier alone at confuser-FP suppression. drop > both. Pre-verifier no-reject confuser fire = bare (rgb_confuser 0.303 vs robust8 0.049); verifier recovers it (clf->filt 0.011 vs 0.002).",supported,"all unified caches; per-modality trust-aware (no union); EXPERIMENT, NOT in thesis (per user)",,,Ch4 sec:classifier_results (SHIPPED router robust8-nr) + production cells of all ablation tables; robust8 retained as reject-class ablation,confirmed,"SHIPPED 2026-06-14 as thesis production router, in the filt->clf (filter-then-router) composition (recall-better than clf->filt; identical confuser fire since the no-reject router never vetoes a confuser frame). Shipped svan composed 0.944 (vs robust8 ablation 0.963), DUT 0.837, recall 0.991; confuser RGB 0.011/IR 0.237. Audited (NR + filt->clf cells) in _audit_headline_numbers.py 200/200."
rgbtest-filter-coverage-gap,2026-06-17,"the rgb_dataset_test mlp_v5 drone veto (22.3pct) is a size x source coverage gap in the distill corpus, not confuser-likeness or imgsz",supported,own-GT; rgb_dataset_test; imgsz 640 (imgsz REFUTED - 1280 worse),,,explains the -11.7pp rgb_dataset_test filter F1 as small-drone/source coverage; do NOT add an imgsz caveat,open,"Vetoed drones 3.33x OOD from train-drone manifold (kept 1.26x), 55pct 20-NN-confuser, 74pct sub-16px veto. Root: alphabetical 8000-drone quota -> anti=7079/wosdetc=0; only 23pct of available xs drones collected. Fix authored (distill_v5_balanced_remine, balanced size x source, confusers protected); retrain pending user GPU; bar=recover recall hold confusers. docs/analysis/2026-06-17_rgbtest_filter_regression.md (+_FIX.md)"
ir-filter-keep-aligned,2026-06-17,grayscale-harvesting did not degrade the thermal IR filter; the aligned filter is not redundant and beats the native filter at deployment operating points (keep aligned),supported,own-GT; thermal surfaces (antiuav_ir/ir_dset_final/svanstrom_ir/ir_video + ir_confusers); P(drone) sweep,,,supports the synthesis grayscale-aligned IR verifier over a thermal-native one,confirmed,Not redundant: bare keeps 100pct thermal confuser dets; filters remove 24-53pct. Aligned more recall-safe (mean R 0.945-0.960 vs native 0.905-0.947) and at matched recall removes >= as many confusers; native only wins by sacrificing >=4pp drone recall (cost on ir_dset_final/antiuav). No reship. docs/analysis/2026-06-17_ir_filter_native_vs_aligned.md
thermal-native-filter-feasible,2026-06-17,a thermal-native confuser filter is feasible - v3b thermal feature space separates drone vs (mostly-airplane) confuser,supported,own-GT; thermal drone (GT-matched) vs ir_confusers feats in v3b space; held-out LDA,,,bounds the value of a thermal-native retrain; thermal airplane is the residual weak spot of the aligned filter,open,"Held-out LDA 0.981 (drone-R 0.986 conf-R 0.954), univariate AUROC up to 0.966 (87/517 feats >0.8). FIX AUTHORED (user elevated from low-priority): train_aligned --thermal-confusers adds the IR_confusers TRAIN split (airplane 3984/bird 1140/heli 113) as thermal confusers, held out val 536 + test 165 + CBAM. GPU, gated. docs/analysis/2026-06-17_ir_filter_airplane_balance_FIX.md"
pooled-f1-operating-point,2026-06-17,"Global F1-optimal (conf,filter) point over all 10 datasets pooled: RGB 0.20/0.05, IR 0.40/0.10, GRAY 0.50/0.05 -> micro-F1 0.793 vs shipped 0.771 (+2.1pp)",conditional,trust-aware per-modality micro-average; current mlp_v5/aligned filters; conf=0.05 caches,,,reinforces operating-mode-not-a-setting (sec 4.1.7); NOT a ship recommendation,confirmed,trades flagship svanstrom-RGB F1 -2.8pp + confuser FP +27%; plain F1 under-credits filter (off=0.756 at 5542 FP vs 2161); SelCom pooled 0.638 vs own-best 0.696; re-run pooled_operating_point.py if RGB filter retrained
filter-stack-v4-thermalonly-promoted,2026-06-18,RGB v4 (birdsplit) + IR thermal-only + balanced-gray promoted to GUI production; beat the shipped filters inside the robust8-nr + filter production stack,supported,own-GT trust-aware; thesis_eval unified caches; thermal@0.05 / rgb@0.25 / gray@0.25,,,filter stack update; thesis integration deferred (Part C),confirmed,"GUI shipped 2026-06-18; thesis integration PENDING (Part C). Production deltas (shipped->final): ir_confusers FP 968->113 (-88%); rgb_dataset_test recall 0.694->0.887 (+19.6pp); rgb_bird_confuser FP 199->31 (v2 was +175, v4 fixes it); ir_dset_final recall 0.973->0.939 (inherent airplane); gray_confuser 21->15; svan prod F1 0.944->0.946. Thermal-only Pareto-dominates balanced IR. Provenance: thesis_eval/_filter_swap/final/swap_manifest.json + ES_Drone_Detection/filter_PRODUCTION_swap_tables.md. PENDING: canonical-dir freeze, audit constants, CBAM held-out (GPU), chapter edits."
thesis-model-card-provenance,2026-06-18,"Every thesis-compared model now carries a generated model_card.yaml provenance sidecar stating trained_on / tested_on, next to its weight; derived from knowledge/models.csv + the filter-swap manifest + detector args.yaml/data.yaml, regenerable via gen_model_cards.py",supported,ir_v2/ir_v3 (§4.1) skipped = weights not resident in ES_Drone_Thesis,,,per-model provenance + reproducibility (model cards),confirmed,23 cards written as <weight-stem>.model_card.yaml (6 RGB + 5 resident IR detectors + 8 filters + 4 classifiers sa32/robust6/robust8/robust8_nr_drop). Generator knowledge/_tools/gen_model_cards.py (recorded). Companion doc docs/analysis/2026-06-18_filter_provenance_train_heldout.md. Also corrected kb row 110 (mlp_aligned_thermalonly): added --cbam to the recipe + fixed SHA 313279cb->63ea157a (verified vs swap_manifest.json + on-disk file).
